Food Database Name, Transcript Food Name, edit distance, word relative length, food word relative edit distance
pea,peas,0.0,1.333,0.0
carrot,carrots,0.0,1.167,0.0
carrot,carrots,0.0,1.167,0.0
carrot,carrots,0.0,1.167,0.0
carrot,carrots,0.0,1.167,0.0
carrots,carrot,0.0,0.857,0.0
peppers,pepper,0.0,0.857,0.0
carrot,carrots,0.0,1.167,0.0
brownies,brownie,0.0,0.875,0.0
brownies,brownie,0.0,0.875,0.0
cookies,cookie,0.0,0.857,0.0
cookies,cookie,0.0,0.857,0.0
stalks,talk,0.0,0.667,0.0
spot,pots,0.0,1.0,0.0
cream,scream,0.0,1.2,0.0
flowers,flower,0.0,0.857,0.0
flowers,flower,0.0,0.857,0.0
flowers,flower,0.0,0.857,0.0
peppers,pepper,0.0,0.857,0.0
flowers,flower,0.0,0.857,0.0
flowers,flower,0.0,0.857,0.0
peppers,pepper,0.0,0.857,0.0
tart,start,0.0,1.25,0.0
stalks,talk,0.0,0.667,0.0
mother's,mother>,0.0,0.875,0.0
desserts,dessert,0.0,0.875,0.0
desserts,dessert,0.0,0.875,0.0
apples,apple,0.0,0.833,0.0
seeds,seed,0.0,0.8,0.0
apples,apple,0.0,0.833,0.0
seeds,seed,0.0,0.8,0.0
muffins,muffin,0.0,0.857,0.0
muffins,muffin,0.0,0.857,0.0
onion,onions,0.0,1.2,0.0
onion,onions,0.0,1.2,0.0
onion,onions,0.0,1.2,0.0
onion,onions,0.0,1.2,0.0
onion,onions,0.0,1.2,0.0
onion,onions,0.0,1.2,0.0
muffins,muffin,0.0,0.857,0.0
scup,cups,0.0,1.0,0.0
oranges,orange,0.0,0.857,0.0
grapes,grape,0.0,0.833,0.0
oranges,orange,0.0,0.857,0.0
grapes,grape,0.0,0.833,0.0
grapes,grape,0.0,0.833,0.0
rolls,roll,0.0,0.8,0.0
rolls,roll,0.0,0.8,0.0
rolls,roll,0.0,0.8,0.0
rolls,roll,0.0,0.8,0.0
fat,fast,0.0,1.333,0.0
lemons,lemon,0.0,0.833,0.0
shark,sharks,0.0,1.2,0.0
eggs,egg,0.0,0.75,0.0
eggs,egg,0.0,0.75,0.0
stalks,talk,0.0,0.667,0.0
scup,cups,0.0,1.0,0.0
scup,cups,0.0,1.0,0.0
oranges,orange,0.0,0.857,0.0
pea,peas,0.0,1.333,0.0
carrot,carrots,0.0,1.167,0.0
tart,start,0.0,1.25,0.0
tart,start,0.0,1.25,0.0
scup,cup,0.0,0.75,0.0
scup,cup,0.0,0.75,0.0
desserts,dessert,0.0,0.875,0.0
shoots,shoot,0.0,0.833,0.0
stalks,talk,0.0,0.667,0.0
shoots,shoot,0.0,0.833,0.0
stalks,talk,0.0,0.667,0.0
scup,cups,0.0,1.0,0.0
scup,cups,0.0,1.0,0.0
desserts,dessert,0.0,0.875,0.0
ice creams,ice cream,0.0,0.9,0.0
ice creams,ice cream,0.0,0.9,0.0
stalks,talk,0.0,0.667,0.0
ice creams,ice cream,0.0,0.9,0.0
fat,fast,0.0,1.333,0.0
apples,apple,0.0,0.833,0.0
spices,spice,0.0,0.833,0.0
eggs,egg,0.0,0.75,0.0
milk shakes,milk shake,0.0,0.909,0.0
oat,oats,0.0,1.333,0.0
cereals,cereal,0.0,0.857,0.0
oat,oats,0.0,1.333,0.0
stalks,talk,0.0,0.667,0.0
cereals,cereal,0.0,0.857,0.0
cereals,cereal,0.0,0.857,0.0
biscuit,biscuits,0.0,1.143,0.0
scup,cup,0.0,0.75,0.0
biscuit,biscuits,0.0,1.143,0.0
biscuit,biscuits,0.0,1.143,0.0
fat,fast,0.0,1.333,0.0
stalks,talk,0.0,0.667,0.0
biscuit,biscuits,0.0,1.143,0.0
biscuit,biscuits,0.0,1.143,0.0
shoots,shoot,0.0,0.833,0.0
egg,eggs,0.0,1.333,0.0
oranges,orange,0.0,0.857,0.0
gums,gum,0.0,0.75,0.0
gums,gum,0.0,0.75,0.0
gums,gum,0.0,0.75,0.0
gums,gum,0.0,0.75,0.0
sugars,sugar,0.0,0.833,0.0
apples,apple,0.0,0.833,0.0
vegetables,vegetable,0.0,0.9,0.0
beer,beers,0.0,1.25,0.0
beer,beers,0.0,1.25,0.0
cucumber,cucumbers,0.0,1.125,0.0
cucumber,cucumbers,0.0,1.125,0.0
cucumber,cucumbers,0.0,1.125,0.0
horse,horses,0.0,1.2,0.0
stalks,talk,0.0,0.667,0.0
stalks,talk,0.0,0.667,0.0
tuna fish,tuna+fish,0.0,1.0,0.0
ice creams,ice cream,0.0,0.9,0.0
ice cream cones,ice cream cone,0.0,0.933,0.0
ice creams,ice cream,0.0,0.9,0.0
ice cream cones,ice cream cone,0.0,0.933,0.0
oranges,orange,0.0,0.857,0.0
oranges,orange,0.0,0.857,0.0
oranges,orange,0.0,0.857,0.0
desserts,dessert,0.0,0.875,0.0
ice creams,ice cream,0.0,0.9,0.0
ice cream cones,ice cream cone,0.0,0.933,0.0
ice creams,ice cream,0.0,0.9,0.0
ice cream cones,ice cream cone,0.0,0.933,0.0
ice creams,ice cream,0.0,0.9,0.0
ice cream cones,ice cream cone,0.0,0.933,0.0
ice creams,ice cream,0.0,0.9,0.0
ice cream cones,ice cream cone,0.0,0.933,0.0
stalks,talk,0.0,0.667,0.0
ice creams,ice cream,0.0,0.9,0.0
ice cream cones,ice cream cone,0.0,0.933,0.0
cucumber,cucumbers,0.0,1.125,0.0
cucumber,cucumbers,0.0,1.125,0.0
cucumber,cucumbers,0.0,1.125,0.0
cucumber,cucumbers,0.0,1.125,0.0
cucumber,cucumbers,0.0,1.125,0.0
scup,cup,0.0,0.75,0.0
table,tables,0.0,1.2,0.0
lobster,lobsters,0.0,1.143,0.0
lobster,lobsters,0.0,1.143,0.0
oranges,orange,0.0,0.857,0.0
cake,cakes,0.0,1.25,0.0
scup,cup,0.0,0.75,0.0
scup,cup,0.0,0.75,0.0
scup,cup,0.0,0.75,0.0
spot,pot,0.0,0.75,0.0
ice creams,ice cream,0.0,0.9,0.0
ice creams,ice cream,0.0,0.9,0.0
ice creams,ice cream,0.0,0.9,0.0
ice creams,ice cream,0.0,0.9,0.0
ice creams,ice cream,0.0,0.9,0.0
ice creams,ice cream,0.0,0.9,0.0
flowers,flower,0.0,0.857,0.0
ice creams,ice cream,0.0,0.9,0.0
meatballs,meatball,0.0,0.889,0.0
peppers,pepper,0.0,0.857,0.0
eggs,egg,0.0,0.75,0.0
cookies,cookie,0.0,0.857,0.0
cookies,cookie,0.0,0.857,0.0
cookies,cookie,0.0,0.857,0.0
gums,gum,0.0,0.75,0.0
gums,gum,0.0,0.75,0.0
gums,gum,0.0,0.75,0.0
turtle,turtles,0.0,1.167,0.0
turtle,turtles,0.0,1.167,0.0
turtle,turtles,0.0,1.167,0.0
turtle,turtles,0.0,1.167,0.0
turtle,turtles,0.0,1.167,0.0
turtle,turtles,0.0,1.167,0.0
turtle,turtles,0.0,1.167,0.0
turtle,turtles,0.0,1.167,0.0
meatballs,meatball,0.0,0.889,0.0
scup,cup,0.0,0.75,0.0
desserts,dessert,0.0,0.875,0.0
stalks,talk,0.0,0.667,0.0
scup,cup,0.0,0.75,0.0
scup,cup,0.0,0.75,0.0
peanuts,peanut,0.0,0.857,0.0
peanuts,peanut,0.0,0.857,0.0
desserts,dessert,0.0,0.875,0.0
sugars,sugar,0.0,0.833,0.0
sugars,sugar,0.0,0.833,0.0
sugars,sugar,0.0,0.833,0.0
sugars,sugar,0.0,0.833,0.0
sugars,sugar,0.0,0.833,0.0
saltines crackers,<saltine crackers,1.0,1.0,0.059
strawberries,strawberries>,1.0,1.083,0.083
applesauce,applesauce>,1.0,1.1,0.1
fast foods,cat food,1.0,0.8,0.1
fast foods,cat+food,1.0,0.8,0.1
fast foods,cat food,1.0,0.8,0.1
ice creams,ice cream>,1.0,1.0,0.1
fast food,cat food,1.0,0.889,0.111
fast food,cat+food,1.0,0.889,0.111
fast food,cat food,1.0,0.889,0.111
ice cream,ice cream>,1.0,1.111,0.111
meatballs,meatball],1.0,1.0,0.111
toppings,tapping,1.0,0.875,0.125
mother's,mother,1.0,0.75,0.125
broccoli,broccoli],1.0,1.125,0.125
mother's,mother,1.0,0.75,0.125
tomatoes,tomato>,1.0,0.875,0.125
broccoli,broccoli>,1.0,1.125,0.125
broccoli,broccoli>,1.0,1.125,0.125
broccoli,broccoli's,1.0,1.25,0.125
honeydew,honey+dew,1.0,1.125,0.125
honeydew,honey+dew,1.0,1.125,0.125
broccoli,broccoli>,1.0,1.125,0.125
honeydew,honey+dew,1.0,1.125,0.125
toppings,popping,1.0,0.875,0.125
toppings,popping,1.0,0.875,0.125
toppings,hopping,1.0,0.875,0.125
toppings,hopping,1.0,0.875,0.125
toppings,hopping,1.0,0.875,0.125
toppings,hopping,1.0,0.875,0.125
mother's,mother,1.0,0.75,0.125
crackers,crackers>,1.0,1.125,0.125
crackers,crackers>,1.0,1.125,0.125
desserts,dessert>,1.0,1.0,0.125
mother's,mother,1.0,0.75,0.125
mother's,mother,1.0,0.75,0.125
mother's,mother,1.0,0.75,0.125
saltines,<saltine,1.0,1.0,0.125
carrots,carrots>,1.0,1.143,0.143
topping,tapping,1.0,1.0,0.143
muffins,<muffin,1.0,1.0,0.143
oranges,<orange,1.0,1.0,0.143
cockles,cackles,1.0,1.0,0.143
chicken,chicken's,1.0,1.286,0.143
cardoon,cartoons,1.0,1.143,0.143
cardoon,cartoons,1.0,1.143,0.143
cardoon,cartoon,1.0,1.0,0.143
topping,popping,1.0,1.0,0.143
topping,popping,1.0,1.0,0.143
cardoon,cartoon,1.0,1.0,0.143
topping,hopping,1.0,1.0,0.143
topping,hopping,1.0,1.0,0.143
topping,hopping,1.0,1.0,0.143
topping,hopping,1.0,1.0,0.143
candies,candle,1.0,0.857,0.143
dessert,dessert>,1.0,1.143,0.143
candies,candles,1.0,1.0,0.143
candies,candles,1.0,1.0,0.143
candies,candles,1.0,1.0,0.143
candies,candles,1.0,1.0,0.143
sheanut,peanut,1.0,0.857,0.143
sheanut,peanut,1.0,0.857,0.143
smooth peanut butter,*mot: peanut butter,3.0,0.95,0.15
rice crackers,fire crackers,2.0,1.0,0.154
rice crackers,fire crackers,2.0,1.0,0.154
peanut butter,pean(ut) butter,2.0,1.154,0.154
smooth,mouth,1.0,0.833,0.167
smooth,mouth,1.0,0.833,0.167
carrot,carrots>,1.0,1.333,0.167
smooth,mouth,1.0,0.833,0.167
breast,bread,1.0,0.833,0.167
breast,bread,1.0,0.833,0.167
breast,bread,1.0,0.833,0.167
breast,bread,1.0,0.833,0.167
breast,bread,1.0,0.833,0.167
breast,bread,1.0,0.833,0.167
stalks,walk,1.0,0.667,0.167
stalks,walk,1.0,0.667,0.167
breast,bread,1.0,0.833,0.167
grapes,grace,1.0,0.833,0.167
smooth,mouth,1.0,0.833,0.167
smooth,mouth,1.0,0.833,0.167
stalks,walk,1.0,0.667,0.167
smooth,mouth,1.0,0.833,0.167
smooth,mouth,1.0,0.833,0.167
breast,break,1.0,0.833,0.167
capers,paper,1.0,0.833,0.167
breast,bread,1.0,0.833,0.167
smooth,mouth,1.0,0.833,0.167
shoots,boot,1.0,0.667,0.167
scotch,couch,1.0,0.833,0.167
sweet onions,want onions,2.0,0.917,0.167
muffin,<muffin,1.0,1.167,0.167
orange,<orange,1.0,1.167,0.167
grapes,grape>,1.0,1.0,0.167
capers,paper,1.0,0.833,0.167
capers,paper,1.0,0.833,0.167
stalks,tales,1.0,0.833,0.167
stalks,tales,1.0,0.833,0.167
squash,squish,1.0,1.0,0.167
breast,beat,1.0,0.667,0.167
breast,beat,1.0,0.667,0.167
smooth,mouth,1.0,0.833,0.167
scotch,couch,1.0,0.833,0.167
capers,cape,1.0,0.667,0.167
smooth,mouth,1.0,0.833,0.167
stalks,talk>,1.0,0.833,0.167
smooth,mouth,1.0,0.833,0.167
smooth,month,1.0,0.833,0.167
smooth,months,1.0,1.0,0.167
smooth,mouth,1.0,0.833,0.167
smooth,mouth,1.0,0.833,0.167
spices,pick,1.0,0.667,0.167
toffee,coffee,1.0,1.0,0.167
toffee,coffee,1.0,1.0,0.167
mutton,button,1.0,1.0,0.167
smooth,mouth,1.0,0.833,0.167
ginger,finger,1.0,1.0,0.167
capers,paper,1.0,0.833,0.167
spices,spicy,1.0,0.833,0.167
spices,spicy,1.0,0.833,0.167
spices,spicy,1.0,0.833,0.167
spices,spicy,1.0,0.833,0.167
capers,paper,1.0,0.833,0.167
smooth,mouth,1.0,0.833,0.167
smooth,tooth,1.0,0.833,0.167
capers,paper,1.0,0.833,0.167
smooth,mouth,1.0,0.833,0.167
smooth,mouth,1.0,0.833,0.167
smooth,mouth,1.0,0.833,0.167
grapes,grace,1.0,0.833,0.167
smooth,mouth,1.0,0.833,0.167
smooth,mouth,1.0,0.833,0.167
mutton,buttons,1.0,1.167,0.167
mutton,buttons,1.0,1.167,0.167
smooth,mouth,1.0,0.833,0.167
spices,nice,1.0,0.667,0.167
smooth,month,1.0,0.833,0.167
snacks,back,1.0,0.667,0.167
smooth,month,1.0,0.833,0.167
cloves,closes,1.0,1.0,0.167
rabbit,rabbit's,1.0,1.333,0.167
cloves,love,1.0,0.667,0.167
cloves,love,1.0,0.667,0.167
cloves,love,1.0,0.667,0.167
cloves,love,1.0,0.667,0.167
cloves,love,1.0,0.667,0.167
cloves,love,1.0,0.667,0.167
cloves,love,1.0,0.667,0.167
cloves,love,1.0,0.667,0.167
cloves,love,1.0,0.667,0.167
shoots,foot,1.0,0.667,0.167
smooth,mouth,1.0,0.833,0.167
leaves,sleeves,1.0,1.167,0.167
smooth,mouth,1.0,0.833,0.167
ginger,fingers,1.0,1.167,0.167
shoots,foot,1.0,0.667,0.167
capers,paper,1.0,0.833,0.167
breast,break,1.0,0.833,0.167
breast,bread,1.0,0.833,0.167
smooth,mouth,1.0,0.833,0.167
caesar,clears,1.0,1.0,0.167
onions,onions>,1.0,1.167,0.167
spices,rice,1.0,0.667,0.167
smooth,mouth,1.0,0.833,0.167
spices,rice,1.0,0.667,0.167
spices,rice,1.0,0.667,0.167
spices,rice,1.0,0.667,0.167
spices,rice,1.0,0.667,0.167
ginger,singer,1.0,1.0,0.167
catsup,catsup>,1.0,1.167,0.167
ginger,fingers,1.0,1.167,0.167
smooth,mouth,1.0,0.833,0.167
smooth,mouth,1.0,0.833,0.167
breast,bread,1.0,0.833,0.167
grapes,grapes>,1.0,1.167,0.167
shoots,boots,1.0,0.833,0.167
shoots,boots,1.0,0.833,0.167
shoots,boots,1.0,0.833,0.167
shoots,boots,1.0,0.833,0.167
shoots,boots,1.0,0.833,0.167
shoots,boots,1.0,0.833,0.167
shoots,boots,1.0,0.833,0.167
shoots,boots,1.0,0.833,0.167
shoots,boots,1.0,0.833,0.167
shoots,boots,1.0,0.833,0.167
caesar,clears,1.0,1.0,0.167
caesar,clears,1.0,1.0,0.167
cheese,cheek,1.0,0.833,0.167
mussel,fuel,1.0,0.667,0.167
smooth,mouth,1.0,0.833,0.167
mullet,bullets,1.0,1.167,0.167
mullet,bullet,1.0,1.0,0.167
mullet,bullets,1.0,1.167,0.167
shoots,shoot>,1.0,1.0,0.167
capers,paper,1.0,0.833,0.167
caesar,clears,1.0,1.0,0.167
caesar,clears,1.0,1.0,0.167
caesar,clears,1.0,1.0,0.167
snacks,smack,1.0,0.833,0.167
capers,papers,1.0,1.0,0.167
ginger,fingers,1.0,1.167,0.167
turtle,turtle>,1.0,1.167,0.167
capers,papers,1.0,1.0,0.167
snacks,back,1.0,0.667,0.167
snacks,back,1.0,0.667,0.167
snacks,back,1.0,0.667,0.167
snacks,back,1.0,0.667,0.167
capers,paper,1.0,0.833,0.167
capers,paper,1.0,0.833,0.167
capers,paper,1.0,0.833,0.167
smooth,mouth,1.0,0.833,0.167
puffed,stuffed,1.0,1.167,0.167
breast,break,1.0,0.833,0.167
ginger,finger,1.0,1.0,0.167
cloves,glove,1.0,0.833,0.167
smooth,mouth,1.0,0.833,0.167
smooth,mouth,1.0,0.833,0.167
chocolate candies,chocolate cake,3.0,0.824,0.176
chocolate candies,chocolate cake,3.0,0.824,0.176
chocolate candies,chocolate cake,3.0,0.824,0.176
whole seeds,whole mess,2.0,0.909,0.182
milk shakes,milk tastes,2.0,1.0,0.182
cheese food,cheese look,2.0,1.0,0.182
fruit salad,<fruit salad>,2.0,1.182,0.182
hot pockets,rosy pocket,2.0,1.0,0.182
sucker fish,sucker fast,2.0,1.0,0.182
whole seeds,whole week,2.0,0.909,0.182
pears,peas,1.0,0.8,0.2
beets,beef,1.0,0.8,0.2
horse,house,1.0,1.0,0.2
perch,porch,1.0,1.0,0.2
salsa,salt,1.0,0.8,0.2
cress,sure,1.0,0.8,0.2
horse,house,1.0,1.0,0.2
round,ground,1.0,1.2,0.2
salsa,class,1.0,1.0,0.2
limes,time,1.0,0.8,0.2
horse,share,1.0,1.0,0.2
shake,share,1.0,1.0,0.2
shark,share,1.0,1.0,0.2
morel,more>,1.0,1.0,0.2
round,sounds,1.0,1.2,0.2
stock,socks,1.0,1.0,0.2
pears,hear,1.0,0.8,0.2
pears,hear,1.0,0.8,0.2
limes,time,1.0,0.8,0.2
mince,mine,1.0,0.8,0.2
smelt,meat,1.0,0.8,0.2
horse,shoes,1.0,1.0,0.2
horse,shoes,1.0,1.0,0.2
horse,shoes,1.0,1.0,0.2
horse,shoes,1.0,1.0,0.2
horse,shoes,1.0,1.0,0.2
shark,park,1.0,0.8,0.2
peach,beach,1.0,1.0,0.2
peach,beach,1.0,1.0,0.2
peach,beach,1.0,1.0,0.2
peach,beach,1.0,1.0,0.2
peach,beach,1.0,1.0,0.2
peach,beach,1.0,1.0,0.2
bread,break,1.0,1.0,0.2
stock,rock,1.0,0.8,0.2
limes,time,1.0,0.8,0.2
crude,rude,1.0,0.8,0.2
limes,time,1.0,0.8,0.2
horse,home,1.0,0.8,0.2
horse,home,1.0,0.8,0.2
dates,tastes,1.0,1.2,0.2
dates,tastes,1.0,1.2,0.2
dates,taste,1.0,1.0,0.2
conch,couch,1.0,1.0,0.2
limes,time,1.0,0.8,0.2
applebee's,apple seed,2.0,1.0,0.2
applebee's,apple seed,2.0,1.0,0.2
cream,dream,1.0,1.0,0.2
smelt,belt,1.0,0.8,0.2
spelt,belt,1.0,0.8,0.2
beets,belt,1.0,0.8,0.2
sheep,help,1.0,0.8,0.2
horse,store,1.0,1.0,0.2
mince,mine,1.0,0.8,0.2
horse,store,1.0,1.0,0.2
stock,rock,1.0,0.8,0.2
stock,rock,1.0,0.8,0.2
stock,rock,1.0,0.8,0.2
stock,rock,1.0,0.8,0.2
american cheese,american hero,3.0,0.867,0.2
pears,years,1.0,1.0,0.2
pears,years,1.0,1.0,0.2
smelt,meet,1.0,0.8,0.2
beets,meet,1.0,0.8,0.2
mince,mine,1.0,0.8,0.2
green,green>,1.0,1.2,0.2
limes,time,1.0,0.8,0.2
dates,tastes,1.0,1.2,0.2
shark,dark,1.0,0.8,0.2
table,tales,1.0,1.0,0.2
table,tales,1.0,1.0,0.2
squid,squish,1.0,1.2,0.2
limes,time,1.0,0.8,0.2
limes,time,1.0,0.8,0.2
limes,time,1.0,0.8,0.2
horse,house,1.0,1.0,0.2
limes,time,1.0,0.8,0.2
limes,time,1.0,0.8,0.2
leeks,weeks,1.0,1.0,0.2
leeks,weeks,1.0,1.0,0.2
morel,more>,1.0,1.0,0.2
beans,beat,1.0,0.8,0.2
beets,beat,1.0,0.8,0.2
beans,beat,1.0,0.8,0.2
beets,beat,1.0,0.8,0.2
conch,couch,1.0,1.0,0.2
limes,times,1.0,1.0,0.2
juice,juicy,1.0,1.0,0.2
horse,house,1.0,1.0,0.2
cress,sure,1.0,0.8,0.2
horse,store,1.0,1.0,0.2
horse,store,1.0,1.0,0.2
salsa,salad,1.0,1.0,0.2
horse,store,1.0,1.0,0.2
honey,money,1.0,1.0,0.2
snail,mail,1.0,0.8,0.2
basil,mail,1.0,0.8,0.2
honey,money,1.0,1.0,0.2
straw,tray,1.0,0.8,0.2
cress,sure,1.0,0.8,0.2
goose,good,1.0,0.8,0.2
pears,peas,1.0,0.8,0.2
limes,times,1.0,1.0,0.2
dates,taste,1.0,1.0,0.2
dates,taste,1.0,1.0,0.2
limes,line,1.0,0.8,0.2
shake,cake,1.0,0.8,0.2
shake,cake,1.0,0.8,0.2
shake,cake,1.0,0.8,0.2
limes,time,1.0,0.8,0.2
morel,more>,1.0,1.0,0.2
baked,basket,1.0,1.2,0.2
leeks,week,1.0,0.8,0.2
round,ground,1.0,1.2,0.2
limes,time,1.0,0.8,0.2
beans,<sean,1.0,1.0,0.2
mousse desserts,*mot: dessert,3.0,0.867,0.2
mince,mine,1.0,0.8,0.2
horse,house,1.0,1.0,0.2
juice,juice>,1.0,1.2,0.2
horse,home,1.0,0.8,0.2
shark,park,1.0,0.8,0.2
horse,home,1.0,0.8,0.2
horse,home,1.0,0.8,0.2
horse,home,1.0,0.8,0.2
goose,good,1.0,0.8,0.2
salsa,glass,1.0,1.0,0.2
horse,store,1.0,1.0,0.2
tomatoseed,tomatoes,2.0,0.8,0.2
tomatoseed,tomatoes,2.0,0.8,0.2
salsa,salad,1.0,1.0,0.2
salsa,salad,1.0,1.0,0.2
salsa,salad,1.0,1.0,0.2
beets,sweet,1.0,1.0,0.2
salsa,salad,1.0,1.0,0.2
mince,mine,1.0,0.8,0.2
morel,more>,1.0,1.0,0.2
morel,more>,1.0,1.0,0.2
pears,year,1.0,0.8,0.2
whole veal,whole year,2.0,1.0,0.2
pears,year,1.0,0.8,0.2
whole veal,whole year,2.0,1.0,0.2
spears broccoli,<eat broccoli>,3.0,0.933,0.2
goose,good,1.0,0.8,0.2
salsa,salad,1.0,1.0,0.2
sweet corn,want corn,2.0,0.9,0.2
limes,time,1.0,0.8,0.2
limes,time,1.0,0.8,0.2
pears,year,1.0,0.8,0.2
limes,time,1.0,0.8,0.2
limes,time,1.0,0.8,0.2
ice cream cones,ice cream now>,3.0,0.933,0.2
salsa,salt,1.0,0.8,0.2
salsa,salt,1.0,0.8,0.2
salsa,salad,1.0,1.0,0.2
salsa,salad,1.0,1.0,0.2
sheep,help,1.0,0.8,0.2
seeds,see>,1.0,0.8,0.2
table,table>,1.0,1.2,0.2
table salt,table talk,2.0,1.0,0.2
cress,dress,1.0,1.0,0.2
leeks,week,1.0,0.8,0.2
mince,mine,1.0,0.8,0.2
horse,store,1.0,1.0,0.2
leeks,week,1.0,0.8,0.2
salsa,salad,1.0,1.0,0.2
sliced ham,spice ham,2.0,0.9,0.2
horse,home,1.0,0.8,0.2
horse,home,1.0,0.8,0.2
pears,years,1.0,1.0,0.2
horse,house,1.0,1.0,0.2
leeks,week,1.0,0.8,0.2
pears,year,1.0,0.8,0.2
pears,year,1.0,0.8,0.2
limes,life,1.0,0.8,0.2
leeks,week,1.0,0.8,0.2
limes,time,1.0,0.8,0.2
round,pounds,1.0,1.2,0.2
limes,time,1.0,0.8,0.2
seeds,feed,1.0,0.8,0.2
beans,bran,1.0,0.8,0.2
honey,honey>,1.0,1.2,0.2
braised chicken,fried chicken,3.0,0.867,0.2
grilled chicken,fried chicken,3.0,0.867,0.2
limes,time,1.0,0.8,0.2
limes,slide,1.0,1.0,0.2
limes,slide,1.0,1.0,0.2
limes,slide,1.0,1.0,0.2
whale,while,1.0,1.0,0.2
green,screen,1.0,1.2,0.2
cress,case,1.0,0.8,0.2
round,sounds,1.0,1.2,0.2
round,sounds,1.0,1.2,0.2
limes,time,1.0,0.8,0.2
pears,years,1.0,1.0,0.2
rolls,doll,1.0,0.8,0.2
rolls,doll,1.0,0.8,0.2
limes,time,1.0,0.8,0.2
horse,house,1.0,1.0,0.2
dates,state,1.0,1.0,0.2
leeks,week,1.0,0.8,0.2
mince,mine,1.0,0.8,0.2
goose,good,1.0,0.8,0.2
round,pounds,1.0,1.2,0.2
smelt,meat,1.0,0.8,0.2
limes,time,1.0,0.8,0.2
horse,home,1.0,0.8,0.2
limes,time,1.0,0.8,0.2
horse,home,1.0,0.8,0.2
honey,money,1.0,1.0,0.2
dates,taste,1.0,1.0,0.2
round,sound,1.0,1.0,0.2
laver,layers,1.0,1.2,0.2
limes,time,1.0,0.8,0.2
limes,time,1.0,0.8,0.2
limes,time,1.0,0.8,0.2
pears,year,1.0,0.8,0.2
limes,times,1.0,1.0,0.2
horse,home,1.0,0.8,0.2
horse,home,1.0,0.8,0.2
horse,home,1.0,0.8,0.2
leeks,week,1.0,0.8,0.2
snack,back,1.0,0.8,0.2
goose,good,1.0,0.8,0.2
limes,time,1.0,0.8,0.2
limes,time,1.0,0.8,0.2
limes,time,1.0,0.8,0.2
pears,year,1.0,0.8,0.2
limes,time,1.0,0.8,0.2
horse,house,1.0,1.0,0.2
mince,mine,1.0,0.8,0.2
limes,time,1.0,0.8,0.2
limes,time,1.0,0.8,0.2
cress,sure,1.0,0.8,0.2
limes,time,1.0,0.8,0.2
table,table>,1.0,1.2,0.2
moose,smoke,1.0,1.0,0.2
limes,time,1.0,0.8,0.2
limes,time,1.0,0.8,0.2
horse,home,1.0,0.8,0.2
shake,cake,1.0,0.8,0.2
dates,rates,1.0,1.0,0.2
shake,cake,1.0,0.8,0.2
dates,rate,1.0,0.8,0.2
dates,rate,1.0,0.8,0.2
dates,rate,1.0,0.8,0.2
dates,rate,1.0,0.8,0.2
limes,time,1.0,0.8,0.2
shake,cake,1.0,0.8,0.2
shake,cake,1.0,0.8,0.2
beets,sweets,1.0,1.2,0.2
beets,sweets,1.0,1.2,0.2
horse,share,1.0,1.0,0.2
shake,share,1.0,1.0,0.2
shark,share,1.0,1.0,0.2
leeks,week,1.0,0.8,0.2
leeks,week,1.0,0.8,0.2
leeks,week,1.0,0.8,0.2
shake,wake,1.0,0.8,0.2
salsa,class,1.0,1.0,0.2
limes,time,1.0,0.8,0.2
limes,time,1.0,0.8,0.2
leeks,week,1.0,0.8,0.2
salsa,atlas,1.0,1.0,0.2
leeks,week,1.0,0.8,0.2
pears,year,1.0,0.8,0.2
limes,time,1.0,0.8,0.2
goose,good,1.0,0.8,0.2
tomatoseed,tomatoes,2.0,0.8,0.2
tomatoseed,tomatoes,2.0,0.8,0.2
tomatoseed,tomatoes,2.0,0.8,0.2
salsa,salad,1.0,1.0,0.2
salsa,salads,1.0,1.2,0.2
limes,time,1.0,0.8,0.2
limes,time,1.0,0.8,0.2
horse,home,1.0,0.8,0.2
peach,beach,1.0,1.0,0.2
leeks,week,1.0,0.8,0.2
leeks,week,1.0,0.8,0.2
whole beef,whole week,2.0,1.0,0.2
peach,beach,1.0,1.0,0.2
pears,year,1.0,0.8,0.2
mince,mine,1.0,0.8,0.2
salsa,salad,1.0,1.0,0.2
salsa,salad,1.0,1.0,0.2
beets,beers,1.0,1.0,0.2
beets,beers,1.0,1.0,0.2
basil,ball,1.0,0.8,0.2
bread,break,1.0,1.0,0.2
limes,time,1.0,0.8,0.2
smelt,meat,1.0,0.8,0.2
schar,cars,1.0,0.8,0.2
schar,cars,1.0,0.8,0.2
swiss,swim,1.0,0.8,0.2
swiss,swim,1.0,0.8,0.2
water,faster,1.0,1.2,0.2
seeds,feed,1.0,0.8,0.2
round,ground,1.0,1.2,0.2
smelt,meat,1.0,0.8,0.2
pears,year,1.0,0.8,0.2
limes,time,1.0,0.8,0.2
salsa,glass,1.0,1.0,0.2
salsa,glass,1.0,1.0,0.2
salsa,salt,1.0,0.8,0.2
shark,park,1.0,0.8,0.2
whale,while,1.0,1.0,0.2
limes,slide,1.0,1.0,0.2
smelt,meat,1.0,0.8,0.2
smelt,meat,1.0,0.8,0.2
smelt,belt,1.0,0.8,0.2
spelt,belt,1.0,0.8,0.2
beets,belt,1.0,0.8,0.2
smelt,belt,1.0,0.8,0.2
spelt,belt,1.0,0.8,0.2
beets,belt,1.0,0.8,0.2
moose,move,1.0,0.8,0.2
smelt,meat,1.0,0.8,0.2
smelt,meat,1.0,0.8,0.2
shake,cakes,1.0,1.0,0.2
limes,time,1.0,0.8,0.2
limes,time,1.0,0.8,0.2
sheep,help,1.0,0.8,0.2
juice,juice>,1.0,1.2,0.2
mince,mine,1.0,0.8,0.2
tomatoseed,tomatoes,2.0,0.8,0.2
stock,sticks,1.0,1.2,0.2
honey,money,1.0,1.0,0.2
honey,money,1.0,1.0,0.2
horse,holes,1.0,1.0,0.2
honey,money,1.0,1.0,0.2
honey,money,1.0,1.0,0.2
sheep,beep,1.0,0.8,0.2
sheep,beep,1.0,0.8,0.2
beets,beep,1.0,0.8,0.2
beets,beep,1.0,0.8,0.2
sheep,beep,1.0,0.8,0.2
sheep,beep,1.0,0.8,0.2
beets,beep,1.0,0.8,0.2
beets,beep,1.0,0.8,0.2
horse,horns,1.0,1.0,0.2
horse,horns,1.0,1.0,0.2
horse,house,1.0,1.0,0.2
shake,cake,1.0,0.8,0.2
dates,taste,1.0,1.0,0.2
stock,stick,1.0,1.0,0.2
limes,times,1.0,1.0,0.2
smelt,smell,1.0,1.0,0.2
smelt,smell,1.0,1.0,0.2
liver,river,1.0,1.0,0.2
shark,park,1.0,0.8,0.2
shark,park,1.0,0.8,0.2
horse,store,1.0,1.0,0.2
horse,home,1.0,0.8,0.2
horse,store,1.0,1.0,0.2
limes,time,1.0,0.8,0.2
horse,store,1.0,1.0,0.2
van's,can>,1.0,0.8,0.2
horse,home,1.0,0.8,0.2
beets,feet,1.0,0.8,0.2
limes,time,1.0,0.8,0.2
shark,dark,1.0,0.8,0.2
horse,store,1.0,1.0,0.2
horse,sore,1.0,0.8,0.2
cress,sore,1.0,0.8,0.2
ice cream cones,ice cream too>,3.0,0.933,0.2
cream,cream>,1.0,1.2,0.2
horse,store,1.0,1.0,0.2
horse,store,1.0,1.0,0.2
horse,store,1.0,1.0,0.2
horse,store,1.0,1.0,0.2
horse,house,1.0,1.0,0.2
horse,shoe,1.0,0.8,0.2
horse,shoe,1.0,0.8,0.2
horse,shoes,1.0,1.0,0.2
horse,shoes,1.0,1.0,0.2
beets,feet,1.0,0.8,0.2
horse,shoes,1.0,1.0,0.2
beets,feet,1.0,0.8,0.2
beets,feet,1.0,0.8,0.2
beets,feet,1.0,0.8,0.2
horse,store,1.0,1.0,0.2
horse,holes,1.0,1.0,0.2
smelt,meat,1.0,0.8,0.2
smelt,meat,1.0,0.8,0.2
bacon,bacon],1.0,1.2,0.2
horse,home,1.0,0.8,0.2
limes,time,1.0,0.8,0.2
stock,stick,1.0,1.0,0.2
beets,feet,1.0,0.8,0.2
sheep,help,1.0,0.8,0.2
sheep,help,1.0,0.8,0.2
sheep,help,1.0,0.8,0.2
salsa,salt,1.0,0.8,0.2
horse,house,1.0,1.0,0.2
leeks,week,1.0,0.8,0.2
horse,house,1.0,1.0,0.2
leeks,week,1.0,0.8,0.2
beets,feet,1.0,0.8,0.2
liver,live,1.0,0.8,0.2
limes,live,1.0,0.8,0.2
liver,live>,1.0,1.0,0.2
horse,house,1.0,1.0,0.2
dates,gates,1.0,1.0,0.2
limes,mime,1.0,0.8,0.2
moose,mood,1.0,0.8,0.2
moose,mood,1.0,0.8,0.2
snack,smack,1.0,1.0,0.2
goose,good,1.0,0.8,0.2
round,ground,1.0,1.2,0.2
cress,sure,1.0,0.8,0.2
pears,years,1.0,1.0,0.2
pears,years,1.0,1.0,0.2
pears,years,1.0,1.0,0.2
pears,years,1.0,1.0,0.2
whale,while,1.0,1.0,0.2
limes,time,1.0,0.8,0.2
goose,good,1.0,0.8,0.2
dates,taste,1.0,1.0,0.2
horse,house,1.0,1.0,0.2
smelt,meat,1.0,0.8,0.2
smelt,meat,1.0,0.8,0.2
smelt,meat,1.0,0.8,0.2
horse,store,1.0,1.0,0.2
nance,dance,1.0,1.0,0.2
honey,money,1.0,1.0,0.2
limes,time,1.0,0.8,0.2
snack,back,1.0,0.8,0.2
snack,back,1.0,0.8,0.2
snack,back,1.0,0.8,0.2
snack,back,1.0,0.8,0.2
limes,time,1.0,0.8,0.2
papad,papa,1.0,0.8,0.2
pasta,papa,1.0,0.8,0.2
limes,lines,1.0,1.0,0.2
moose,goose,1.0,1.0,0.2
smelt,smells,1.0,1.2,0.2
limes,time,1.0,0.8,0.2
pears,ears,1.0,0.8,0.2
pears,ears,1.0,0.8,0.2
horse,home,1.0,0.8,0.2
limes,time,1.0,0.8,0.2
moose,move,1.0,0.8,0.2
moose,smoke,1.0,1.0,0.2
moose,move,1.0,0.8,0.2
bread,break,1.0,1.0,0.2
dates,taste,1.0,1.0,0.2
goose,good,1.0,0.8,0.2
leeks,week,1.0,0.8,0.2
horse,store,1.0,1.0,0.2
smelt,belt,1.0,0.8,0.2
spelt,belt,1.0,0.8,0.2
beets,belt,1.0,0.8,0.2
smelt,belt,1.0,0.8,0.2
spelt,belt,1.0,0.8,0.2
beets,belt,1.0,0.8,0.2
round,pounds,1.0,1.2,0.2
papad,papa's,1.0,1.2,0.2
breakfast bars,breakfast (.),3.0,0.929,0.214
ice cream cone,ice cream now>,3.0,1.0,0.214
boiled chicken,fried chicken,3.0,0.929,0.214
stewed chicken,fried chicken,3.0,0.929,0.214
frozen chicken,fried chicken,3.0,0.929,0.214
ice cream cone,ice cream too>,3.0,1.0,0.214
cone ice cream,<some ice cream>,3.0,1.143,0.214
ice cream sandwich,spice ham sandwich,4.0,1.0,0.222
jew's ear,few years,2.0,1.0,0.222
cranberry,strawberry,2.0,1.111,0.222
meat seal,eat eat,2.0,0.778,0.222
meat seal,eat eat,2.0,0.778,0.222
limburger,hamburgers,2.0,1.111,0.222
jackson's,bacon],2.0,0.667,0.222
breakfast bar,breakfast (.),3.0,1.0,0.231
chili peppers,*chi: pepper,3.0,0.923,0.231
mother's loaf,mother's house,3.0,1.077,0.231
finger snacks,fingernails,3.0,0.846,0.231
rice crackers,firecrackers,3.0,0.923,0.231
rice crackers,firecrackers,3.0,0.923,0.231
rice crackers,firecrackers,3.0,0.923,0.231
skin potatoes,(.) potatoes,3.0,0.923,0.231
ginger spices,ginger+ale,3.0,0.769,0.231
rice crackers,firecrackers,3.0,0.923,0.231
rice crackers,firecrackers,3.0,0.923,0.231
rice crackers,fire crackers>,3.0,1.077,0.231
milk crackers,fire crackers,3.0,1.0,0.231
milk crackers,fire crackers,3.0,1.0,0.231
rice crackers,fire crackers>,3.0,1.077,0.231
rice crackers,firecrackers,3.0,0.923,0.231
ice cream bar,ice cream bar[!],3.0,1.231,0.231
ice cream bar,ice cream (.),3.0,1.0,0.231
winter squash,winter coat,3.0,0.846,0.231
rice crackers,firecrackers,3.0,0.923,0.231
flan desserts,want dessert,3.0,0.923,0.231
fried chicken kfc,fried chicken,4.0,0.765,0.235
saltines crackers,fire crackers,4.0,0.765,0.235
saltines crackers,fire crackers,4.0,0.765,0.235
owl,bowl,1.0,1.333,0.25
tea,peas,1.0,1.333,0.25
ham,hums,1.0,1.333,0.25
gums,hums,1.0,1.0,0.25
beer,beef,1.0,1.0,0.25
tea,stew,1.0,1.333,0.25
rye,yes,1.0,1.0,0.25
shad,dad,1.0,0.75,0.25
rye,yes,1.0,1.0,0.25
dressing,crying,2.0,0.75,0.25
malt,salt,1.0,1.0,0.25
dumpling,mumbling,2.0,1.0,0.25
pike,bikes,1.0,1.25,0.25
pike,bikes,1.0,1.25,0.25
gums,yum,1.0,0.75,0.25
yam,yum,1.0,1.0,0.25
mush,huh,1.0,0.75,0.25
scup,cut,1.0,0.75,0.25
cusk,cut,1.0,0.75,0.25
nuts,cut,1.0,0.75,0.25
molasses,movie,2.0,0.625,0.25
molasses,movie,2.0,0.625,0.25
molasses,movie,2.0,0.625,0.25
molasses,movie,2.0,0.625,0.25
molasses,movie,2.0,0.625,0.25
soft,of>,1.0,0.75,0.25
molasses,movie,2.0,0.625,0.25
ling,sings,1.0,1.25,0.25
molasses,movie,2.0,0.625,0.25
roasting,reading,2.0,0.875,0.25
muenster,center,2.0,0.75,0.25
hard,share,1.0,1.25,0.25
cake,coke,1.0,1.0,0.25
rye,yes,1.0,1.0,0.25
figs,fib,1.0,0.75,0.25
fish,fib,1.0,0.75,0.25
rice,ride,1.0,1.0,0.25
dock,socks,1.0,1.25,0.25
oats,eat,1.0,0.75,0.25
oat,eat,1.0,1.0,0.25
meat,eat,1.0,0.75,0.25
seal,eat,1.0,0.75,0.25
fat,eat,1.0,1.0,0.25
pike,bike,1.0,1.0,0.25
poi,pots,1.0,1.333,0.25
mush,huh,1.0,0.75,0.25
cod,god,1.0,1.0,0.25
flan,flag,1.0,1.0,0.25
bear,hear,1.0,1.0,0.25
bear,hear,1.0,1.0,0.25
flan,flag,1.0,1.0,0.25
mush,huh,1.0,0.75,0.25
eel,e@l,1.0,1.0,0.25
seal,e@l,1.0,0.75,0.25
eel,e@l,1.0,1.0,0.25
seal,e@l,1.0,0.75,0.25
oil,o@l,1.0,1.0,0.25
owl,o@l,1.0,1.0,0.25
oil,o@l,1.0,1.0,0.25
owl,o@l,1.0,1.0,0.25
mush,huh,1.0,0.75,0.25
teff,stuff,1.0,1.25,0.25
teff,stuff,1.0,1.25,0.25
teff,stuff,1.0,1.25,0.25
teff,stuff,1.0,1.25,0.25
teff,stuff,1.0,1.25,0.25
teff,stuff,1.0,1.25,0.25
whey,hey,1.0,0.75,0.25
chocolate syrups,chocolate (.),4.0,0.813,0.25
chocolate syrups,chocolate (.),4.0,0.813,0.25
teff,stuff,1.0,1.25,0.25
pink,spin,1.0,1.0,0.25
pie,spin,1.0,1.333,0.25
mush,huh,1.0,0.75,0.25
pace,place,1.0,1.25,0.25
whey,hey,1.0,0.75,0.25
whey,hey,1.0,0.75,0.25
whey,hey,1.0,0.75,0.25
mush,huh,1.0,0.75,0.25
mush,huh,1.0,0.75,0.25
eel,see,1.0,1.0,0.25
mush,huh,1.0,0.75,0.25
spot,lots,1.0,1.0,0.25
mush,huh,1.0,0.75,0.25
rye,yes,1.0,1.0,0.25
cod,god,1.0,1.0,0.25
cod,god,1.0,1.0,0.25
cod,god,1.0,1.0,0.25
cod,god,1.0,1.0,0.25
rye,yes,1.0,1.0,0.25
carp,care,1.0,1.0,0.25
cake,care,1.0,1.0,0.25
pork,fork,1.0,1.0,0.25
mush,huh,1.0,0.75,0.25
mush,huh,1.0,0.75,0.25
root,room,1.0,1.0,0.25
oats,eat,1.0,0.75,0.25
oat,eat,1.0,1.0,0.25
meat,eat,1.0,0.75,0.25
seal,eat,1.0,0.75,0.25
fat,eat,1.0,1.0,0.25
mush,huh,1.0,0.75,0.25
owl,bowl,1.0,1.333,0.25
scup,soup,1.0,1.0,0.25
scup,soup,1.0,1.0,0.25
owl,bowl,1.0,1.333,0.25
fat,fan,1.0,1.0,0.25
flan,fan,1.0,0.75,0.25
fat,fan,1.0,1.0,0.25
flan,fan,1.0,0.75,0.25
fat,fan,1.0,1.0,0.25
flan,fan,1.0,0.75,0.25
rye,yes,1.0,1.0,0.25
roasting,eating,2.0,0.75,0.25
tart,part,1.0,1.0,0.25
taquitos,mosquito,2.0,1.0,0.25
taro,start,1.0,1.25,0.25
shad,hands,1.0,1.25,0.25
hard,hands,1.0,1.25,0.25
mush,push,1.0,1.0,0.25
masa,man,1.0,0.75,0.25
fan,man,1.0,1.0,0.25
oats,eat,1.0,0.75,0.25
oat,eat,1.0,1.0,0.25
meat,<eat,1.0,1.0,0.25
meat,eat,1.0,0.75,0.25
seal,eat,1.0,0.75,0.25
fat,eat,1.0,1.0,0.25
spot,hot,1.0,0.75,0.25
mush,huh,1.0,0.75,0.25
milk,milk>,1.0,1.25,0.25
pork,park,1.0,1.0,0.25
stomach pork,stomach hurts,3.0,1.083,0.25
mush,huh,1.0,0.75,0.25
oats,eat,1.0,0.75,0.25
oat,eat,1.0,1.0,0.25
meat,eat,1.0,0.75,0.25
seal,eat,1.0,0.75,0.25
fat,eat,1.0,1.0,0.25
whey,hey,1.0,0.75,0.25
oats,eat,1.0,0.75,0.25
oat,eat,1.0,1.0,0.25
meat,eat,1.0,0.75,0.25
seal,eat,1.0,0.75,0.25
fat,eat,1.0,1.0,0.25
oats,eat,1.0,0.75,0.25
oat,eat,1.0,1.0,0.25
meat,eat,1.0,0.75,0.25
seal,eat,1.0,0.75,0.25
fat,eat,1.0,1.0,0.25
oats,eat,1.0,0.75,0.25
oat,eat,1.0,1.0,0.25
meat,eat,1.0,0.75,0.25
milk,milk>,1.0,1.25,0.25
seal,eat,1.0,0.75,0.25
fat,eat,1.0,1.0,0.25
oats,eat,1.0,0.75,0.25
oat,eat,1.0,1.0,0.25
meat,eat,1.0,0.75,0.25
seal,eat,1.0,0.75,0.25
fat,eat,1.0,1.0,0.25
oats,eat,1.0,0.75,0.25
oat,eat,1.0,1.0,0.25
meat,eat,1.0,0.75,0.25
seal,eat,1.0,0.75,0.25
fat,eat,1.0,1.0,0.25
whey,hey,1.0,0.75,0.25
carp,car,1.0,0.75,0.25
teff,stuff,1.0,1.25,0.25
oats,eat,1.0,0.75,0.25
oat,eat,1.0,1.0,0.25
meat,eat,1.0,0.75,0.25
seal,eat,1.0,0.75,0.25
fat,eat,1.0,1.0,0.25
carp,car,1.0,0.75,0.25
whey,hey,1.0,0.75,0.25
eel,see,1.0,1.0,0.25
oats,eat,1.0,0.75,0.25
oat,eat,1.0,1.0,0.25
meat,eat,1.0,0.75,0.25
seal,eat,1.0,0.75,0.25
fat,eat,1.0,1.0,0.25
oats,eat,1.0,0.75,0.25
oat,eat,1.0,1.0,0.25
meat,eat,1.0,0.75,0.25
seal,eat,1.0,0.75,0.25
fat,eat,1.0,1.0,0.25
oats,eat,1.0,0.75,0.25
oat,eat,1.0,1.0,0.25
meat,eat,1.0,0.75,0.25
seal,eat,1.0,0.75,0.25
fat,eat,1.0,1.0,0.25
roasting,eating,2.0,0.75,0.25
root,room,1.0,1.0,0.25
carp,car,1.0,0.75,0.25
oats,eat,1.0,0.75,0.25
oat,eat,1.0,1.0,0.25
meat,eat,1.0,0.75,0.25
seal,eat,1.0,0.75,0.25
fat,eat,1.0,1.0,0.25
oats,eat,1.0,0.75,0.25
oat,eat,1.0,1.0,0.25
meat,eat,1.0,0.75,0.25
seal,eat,1.0,0.75,0.25
fat,eat,1.0,1.0,0.25
dock,rock,1.0,1.0,0.25
oats,eat,1.0,0.75,0.25
oat,eat,1.0,1.0,0.25
meat,eat,1.0,0.75,0.25
seal,eat,1.0,0.75,0.25
fat,eat,1.0,1.0,0.25
masa,man,1.0,0.75,0.25
fan,man,1.0,1.0,0.25
mother's,brother's,2.0,1.125,0.25
masa,man,1.0,0.75,0.25
fan,man,1.0,1.0,0.25
root,room,1.0,1.0,0.25
mace,face,1.0,1.0,0.25
pace,face,1.0,1.0,0.25
mace,face,1.0,1.0,0.25
pace,face,1.0,1.0,0.25
radishes,radio,2.0,0.625,0.25
pork,work,1.0,1.0,0.25
duck,bucks,1.0,1.25,0.25
duck,bucks,1.0,1.25,0.25
parsnips,parties,2.0,0.875,0.25
mush,huh,1.0,0.75,0.25
parsnips,parties,2.0,0.875,0.25
mother's,father's,2.0,1.0,0.25
milk,milk>,1.0,1.25,0.25
puddings,kidding,2.0,0.875,0.25
milk dessert,milk don't,3.0,0.833,0.25
dry milk,gross milk,2.0,1.25,0.25
pate,taste,1.0,1.25,0.25
bass,ass,1.0,0.75,0.25
root,boot,1.0,1.0,0.25
rye,yes,1.0,1.0,0.25
rye,yes,1.0,1.0,0.25
pike,pie,1.0,0.75,0.25
mace,face,1.0,1.0,0.25
pace,face,1.0,1.0,0.25
swiss cheese,xxx cheese,3.0,0.833,0.25
lard,lord,1.0,1.0,0.25
lard,lord,1.0,1.0,0.25
eel,seed,1.0,1.333,0.25
scrapple,apple,2.0,0.625,0.25
eel,seed,1.0,1.333,0.25
scrapple,apple,2.0,0.625,0.25
lard,lord,1.0,1.0,0.25
lard,lord,1.0,1.0,0.25
dressing,dreaming,2.0,1.0,0.25
dressing,dreaming,2.0,1.0,0.25
dip,die,1.0,1.0,0.25
pie,die,1.0,1.0,0.25
pate,plate,1.0,1.25,0.25
oats,eat,1.0,0.75,0.25
oat,eat,1.0,1.0,0.25
meat,eat,1.0,0.75,0.25
seal,eat,1.0,0.75,0.25
fat,eat,1.0,1.0,0.25
pate,plate,1.0,1.25,0.25
pate,plate,1.0,1.25,0.25
pate,plate,1.0,1.25,0.25
pate,plate,1.0,1.25,0.25
rye,yes,1.0,1.0,0.25
mush,huh,1.0,0.75,0.25
oats,eat,1.0,0.75,0.25
oat,eat,1.0,1.0,0.25
meat,eat,1.0,0.75,0.25
seal,eat,1.0,0.75,0.25
fat,eat,1.0,1.0,0.25
whey,hey,1.0,0.75,0.25
kelp,help,1.0,1.0,0.25
welsh onions,want onions,3.0,0.917,0.25
roasting,eating,2.0,0.75,0.25
mush,huh,1.0,0.75,0.25
rye,yes,1.0,1.0,0.25
whey,hey,1.0,0.75,0.25
dip,sips,1.0,1.333,0.25
owl,ow,1.0,0.667,0.25
lard,lord,1.0,1.0,0.25
eel,see,1.0,1.0,0.25
owl,ow,1.0,0.667,0.25
eel,see,1.0,1.0,0.25
mush,huh,1.0,0.75,0.25
cod,cold,1.0,1.333,0.25
oats,eat,1.0,0.75,0.25
oat,eat,1.0,1.0,0.25
meat,eat,1.0,0.75,0.25
seal,eat,1.0,0.75,0.25
fat,eat,1.0,1.0,0.25
cusk,cups,1.0,1.0,0.25
soup,cups,1.0,1.0,0.25
rye,yes,1.0,1.0,0.25
rye,yes,1.0,1.0,0.25
mush,huh,1.0,0.75,0.25
cod,cold,1.0,1.333,0.25
spot,hot,1.0,0.75,0.25
cod,cold,1.0,1.333,0.25
cod,cold,1.0,1.333,0.25
dock,rock,1.0,1.0,0.25
dock,rock,1.0,1.0,0.25
dock,rock,1.0,1.0,0.25
eel,see,1.0,1.0,0.25
dock,rock,1.0,1.0,0.25
bass,bag,1.0,0.75,0.25
bass,bag,1.0,0.75,0.25
bass,bag,1.0,0.75,0.25
bass,bag,1.0,0.75,0.25
bass,bags,1.0,1.0,0.25
bass,bag,1.0,0.75,0.25
bass,bag,1.0,0.75,0.25
bear,years,1.0,1.25,0.25
bear,years,1.0,1.25,0.25
meat,meet,1.0,1.0,0.25
stew,steps,1.0,1.25,0.25
feet,meet,1.0,1.0,0.25
rye,yes,1.0,1.0,0.25
rye,yes,1.0,1.0,0.25
whey,hey,1.0,0.75,0.25
rye,yes,1.0,1.0,0.25
spot,lot,1.0,0.75,0.25
oats,coat,1.0,1.0,0.25
oat,coat,1.0,1.333,0.25
goat,coat,1.0,1.0,0.25
rye,bye,1.0,1.0,0.25
roasting,beating,2.0,0.875,0.25
mush,huh,1.0,0.75,0.25
rye,yes,1.0,1.0,0.25
kale,tales,1.0,1.25,0.25
dock,duck,1.0,1.0,0.25
kale,tales,1.0,1.25,0.25
dock,duck,1.0,1.0,0.25
oil,o@l,1.0,1.0,0.25
owl,o@l,1.0,1.0,0.25
oil,o@l,1.0,1.0,0.25
owl,o@l,1.0,1.0,0.25
cod,cold,1.0,1.333,0.25
mace,face,1.0,1.0,0.25
pace,face,1.0,1.0,0.25
shad,hands,1.0,1.25,0.25
hard,hands,1.0,1.25,0.25
eel,see,1.0,1.0,0.25
rye,yes,1.0,1.0,0.25
spot,lot,1.0,0.75,0.25
oats,eat,1.0,0.75,0.25
oat,eat,1.0,1.0,0.25
meat,eat,1.0,0.75,0.25
seal,eat,1.0,0.75,0.25
fat,eat,1.0,1.0,0.25
oats,eat,1.0,0.75,0.25
oat,eat,1.0,1.0,0.25
meat,eat,1.0,0.75,0.25
seal,eat,1.0,0.75,0.25
teff,stuff,1.0,1.25,0.25
fat,eat,1.0,1.0,0.25
mush,huh,1.0,0.75,0.25
whey,hey,1.0,0.75,0.25
stomach pork,stomach hurts,3.0,1.083,0.25
oats,eat,1.0,0.75,0.25
oat,eat,1.0,1.0,0.25
meat,eat,1.0,0.75,0.25
seal,eat,1.0,0.75,0.25
fat,eat,1.0,1.0,0.25
oats,fast,1.0,1.0,0.25
oat,fast,1.0,1.333,0.25
fan,fast,1.0,1.333,0.25
oats,eat,1.0,0.75,0.25
oat,eat,1.0,1.0,0.25
meat,eat,1.0,0.75,0.25
seal,eat,1.0,0.75,0.25
fat,eat,1.0,1.0,0.25
oats,eat,1.0,0.75,0.25
oat,eat,1.0,1.0,0.25
meat,eat,1.0,0.75,0.25
seal,eat,1.0,0.75,0.25
fat,eat,1.0,1.0,0.25
duck,yuck,1.0,1.0,0.25
eel,see,1.0,1.0,0.25
eel,see,1.0,1.0,0.25
rice,ice,1.0,0.75,0.25
rice,ice,1.0,0.75,0.25
eel,see,1.0,1.0,0.25
mush,huh,1.0,0.75,0.25
masa,man,1.0,0.75,0.25
fan,man,1.0,1.0,0.25
figs,fish,1.0,1.0,0.25
figs,fish,1.0,1.0,0.25
rye,yes,1.0,1.0,0.25
rye,yes,1.0,1.0,0.25
rye,yes,1.0,1.0,0.25
oats,<at,1.0,0.75,0.25
oat,<at,1.0,1.0,0.25
fat,<at,1.0,1.0,0.25
meat,beat,1.0,1.0,0.25
bear,beat,1.0,1.0,0.25
meat,beat,1.0,1.0,0.25
bear,beat,1.0,1.0,0.25
carp,care,1.0,1.0,0.25
cake,care,1.0,1.0,0.25
mush,huh,1.0,0.75,0.25
feet,feels,1.0,1.25,0.25
fat,fan,1.0,1.0,0.25
flan,fan,1.0,0.75,0.25
rye,yes,1.0,1.0,0.25
veal,meal,1.0,1.0,0.25
meat,meal,1.0,1.0,0.25
seal,meal,1.0,1.0,0.25
mush,huh,1.0,0.75,0.25
oats,eat,1.0,0.75,0.25
oat,eat,1.0,1.0,0.25
meat,eat,1.0,0.75,0.25
seal,eat,1.0,0.75,0.25
fat,eat,1.0,1.0,0.25
stew,news,1.0,1.0,0.25
rye,yes,1.0,1.0,0.25
pork,work,1.0,1.0,0.25
pork,work,1.0,1.0,0.25
carp,care,1.0,1.0,0.25
cake,care,1.0,1.0,0.25
spot,lot,1.0,0.75,0.25
cake,cape,1.0,1.0,0.25
oats,out,1.0,0.75,0.25
pout,out,1.0,0.75,0.25
nuts,out,1.0,0.75,0.25
oat,out,1.0,1.0,0.25
soup,out,1.0,0.75,0.25
soft,out,1.0,0.75,0.25
milk,smile,1.0,1.25,0.25
whey,hey,1.0,0.75,0.25
oats,eat,1.0,0.75,0.25
oat,eat,1.0,1.0,0.25
meat,eat,1.0,0.75,0.25
seal,eat,1.0,0.75,0.25
fat,eat,1.0,1.0,0.25
oats,eat,1.0,0.75,0.25
oat,eat,1.0,1.0,0.25
meat,eat,1.0,0.75,0.25
seal,eat,1.0,0.75,0.25
fat,eat,1.0,1.0,0.25
shad,hand,1.0,1.0,0.25
hard,hand,1.0,1.0,0.25
shad,hand,1.0,1.0,0.25
root,robot,1.0,1.25,0.25
hard,hand,1.0,1.0,0.25
shad,hand,1.0,1.0,0.25
root,robot,1.0,1.25,0.25
hard,hand,1.0,1.0,0.25
shad,hand,1.0,1.0,0.25
root,robot,1.0,1.25,0.25
hard,hand,1.0,1.0,0.25
shad,hand,1.0,1.0,0.25
hard,hand,1.0,1.0,0.25
shad,hand,1.0,1.0,0.25
hard,hand,1.0,1.0,0.25
shad,hand,1.0,1.0,0.25
hard,hand,1.0,1.0,0.25
eel,see,1.0,1.0,0.25
mother's,bothers,2.0,0.875,0.25
scup,yup,1.0,0.75,0.25
soup,yup,1.0,0.75,0.25
oats,eat,1.0,0.75,0.25
oat,eat,1.0,1.0,0.25
meat,eat,1.0,0.75,0.25
seal,eat,1.0,0.75,0.25
fat,eat,1.0,1.0,0.25
duck,yuck,1.0,1.0,0.25
gums,gun,1.0,0.75,0.25
gums,gun,1.0,0.75,0.25
mush,huh,1.0,0.75,0.25
gums,guy,1.0,0.75,0.25
mush,huh,1.0,0.75,0.25
eel,see,1.0,1.0,0.25
soup,ours,1.0,1.0,0.25
mush,huh,1.0,0.75,0.25
shad,hand,1.0,1.0,0.25
hard,hand,1.0,1.0,0.25
cusk,cups,1.0,1.0,0.25
soup,cups,1.0,1.0,0.25
scup,<cups,1.0,1.25,0.25
cusk,cups,1.0,1.0,0.25
soup,cups,1.0,1.0,0.25
oats,sort,1.0,1.0,0.25
oat,sort,1.0,1.333,0.25
soft,sort,1.0,1.0,0.25
mush,huh,1.0,0.75,0.25
stew,ten,1.0,0.75,0.25
tea,ten,1.0,1.0,0.25
whey,hey,1.0,0.75,0.25
mush,huh,1.0,0.75,0.25
mush,huh,1.0,0.75,0.25
tea,peas,1.0,1.333,0.25
pate,plate,1.0,1.25,0.25
whey,hey,1.0,0.75,0.25
rye,yes,1.0,1.0,0.25
spot,spit,1.0,1.0,0.25
pie,spit,1.0,1.333,0.25
pate,plate,1.0,1.25,0.25
stew,ten,1.0,0.75,0.25
tea,ten,1.0,1.0,0.25
whey,hey,1.0,0.75,0.25
soft,of>,1.0,0.75,0.25
pate,plate,1.0,1.25,0.25
oats,eat,1.0,0.75,0.25
oat,eat,1.0,1.0,0.25
meat,eat,1.0,0.75,0.25
seal,eat,1.0,0.75,0.25
fat,eat,1.0,1.0,0.25
pate,taste,1.0,1.25,0.25
pate,taste,1.0,1.25,0.25
oats,sort,1.0,1.0,0.25
oat,sort,1.0,1.333,0.25
soft,sort,1.0,1.0,0.25
ling,line,1.0,1.0,0.25
chocolate syrups,chocolate cake,4.0,0.875,0.25
chocolate syrups,chocolate cake,4.0,0.875,0.25
chocolate syrups,chocolate cake,4.0,0.875,0.25
chocolate syrups,chocolate [?],4.0,0.813,0.25
oats,eat,1.0,0.75,0.25
oat,eat,1.0,1.0,0.25
meat,eat,1.0,0.75,0.25
seal,eat,1.0,0.75,0.25
fat,eat,1.0,1.0,0.25
teff,stuff,1.0,1.25,0.25
owl,ow,1.0,0.667,0.25
rye,yes,1.0,1.0,0.25
oats,eat,1.0,0.75,0.25
oat,eat,1.0,1.0,0.25
meat,eat,1.0,0.75,0.25
seal,eat,1.0,0.75,0.25
fat,eat,1.0,1.0,0.25
taro,start,1.0,1.25,0.25
taro,start,1.0,1.25,0.25
mush,huh,1.0,0.75,0.25
gums,guess,1.0,1.25,0.25
cusk,cup,1.0,0.75,0.25
soup,cup,1.0,0.75,0.25
cusk,cup,1.0,0.75,0.25
soup,cup,1.0,0.75,0.25
pike,bike,1.0,1.0,0.25
pike,bike,1.0,1.0,0.25
mush,huh,1.0,0.75,0.25
pike,bike,1.0,1.0,0.25
pike,bike,1.0,1.0,0.25
pike,bike,1.0,1.0,0.25
carp,care,1.0,1.0,0.25
cake,care,1.0,1.0,0.25
mush,huh,1.0,0.75,0.25
scup,cap,1.0,0.75,0.25
carp,cap,1.0,0.75,0.25
gums,gun,1.0,0.75,0.25
snap,cap,1.0,0.75,0.25
gums,gun,1.0,0.75,0.25
roasting,eating,2.0,0.75,0.25
scup,cap,1.0,0.75,0.25
carp,cap,1.0,0.75,0.25
root,shoot,1.0,1.25,0.25
snap,cap,1.0,0.75,0.25
owl,ow,1.0,0.667,0.25
soup,oops,1.0,1.0,0.25
mush,huh,1.0,0.75,0.25
c snacks,<back,2.0,0.625,0.25
pork,park,1.0,1.0,0.25
pink,pick,1.0,1.0,0.25
rice,ride,1.0,1.0,0.25
mush,huh,1.0,0.75,0.25
teff,stuff,1.0,1.25,0.25
shiitake,mistake,2.0,0.875,0.25
root,shoot,1.0,1.25,0.25
miso,mix,1.0,0.75,0.25
pate,plate,1.0,1.25,0.25
rye,bye,1.0,1.0,0.25
whey,hey,1.0,0.75,0.25
rye,yes,1.0,1.0,0.25
mush,huh,1.0,0.75,0.25
figs,fit,1.0,0.75,0.25
fish,fit,1.0,0.75,0.25
fat,fit,1.0,1.0,0.25
owl,bowl,1.0,1.333,0.25
cucumber,cucum(ber),2.0,1.25,0.25
potatoes,tomatoes,2.0,1.0,0.25
gums,yum,1.0,0.75,0.25
gums,yum,1.0,0.75,0.25
yam,yum,1.0,1.0,0.25
yam,yum,1.0,1.0,0.25
shad,hands,1.0,1.25,0.25
hard,hands,1.0,1.25,0.25
potatoes,tomatoes,2.0,1.0,0.25
tomatoes,(to)matoes,2.0,1.25,0.25
pace,page,1.0,1.0,0.25
pate,page,1.0,1.0,0.25
sage,page,1.0,1.0,0.25
mush,huh,1.0,0.75,0.25
jute,just>,1.0,1.25,0.25
tomatoes,(to)matoes,2.0,1.25,0.25
cod,cow,1.0,1.0,0.25
desserts,sweet,2.0,0.625,0.25
feet,sweet,1.0,1.25,0.25
rye,yes,1.0,1.0,0.25
tart,part,1.0,1.0,0.25
rye,yes,1.0,1.0,0.25
oats,eat,1.0,0.75,0.25
oats,eat,1.0,0.75,0.25
oat,eat,1.0,1.0,0.25
oat,eat,1.0,1.0,0.25
meat,eat,1.0,0.75,0.25
meat,eat,1.0,0.75,0.25
seal,eat,1.0,0.75,0.25
seal,eat,1.0,0.75,0.25
fat,eat,1.0,1.0,0.25
fat,eat,1.0,1.0,0.25
oats,eat,1.0,0.75,0.25
oat,eat,1.0,1.0,0.25
meat,eat,1.0,0.75,0.25
seal,eat,1.0,0.75,0.25
fat,eat,1.0,1.0,0.25
roe,nose,1.0,1.333,0.25
rye,yes,1.0,1.0,0.25
root,room,1.0,1.0,0.25
roe,nose,1.0,1.333,0.25
mace,face,1.0,1.0,0.25
pace,face,1.0,1.0,0.25
oats,eat,1.0,0.75,0.25
mace,face,1.0,1.0,0.25
pace,face,1.0,1.0,0.25
oat,eat,1.0,1.0,0.25
meat,eat,1.0,0.75,0.25
seal,eat,1.0,0.75,0.25
fat,eat,1.0,1.0,0.25
roe,nose,1.0,1.333,0.25
dressing,crying,2.0,0.75,0.25
roe,nose,1.0,1.333,0.25
mace,face,1.0,1.0,0.25
pace,face,1.0,1.0,0.25
shad,hands,1.0,1.25,0.25
hard,hands,1.0,1.25,0.25
mush,huh,1.0,0.75,0.25
scup,yup,1.0,0.75,0.25
soup,yup,1.0,0.75,0.25
mush,huh,1.0,0.75,0.25
cusk,cups,1.0,1.0,0.25
soup,cups,1.0,1.0,0.25
cusk,cups,1.0,1.0,0.25
soup,cups,1.0,1.0,0.25
oats,pat,1.0,0.75,0.25
spot,pat,1.0,0.75,0.25
oat,pat,1.0,1.0,0.25
fat,pat,1.0,1.0,0.25
scup,yup,1.0,0.75,0.25
soup,yup,1.0,0.75,0.25
dip,dish,1.0,1.333,0.25
fish,dish,1.0,1.0,0.25
baby,baby>,1.0,1.25,0.25
gums,guys,1.0,1.0,0.25
spot,hot,1.0,0.75,0.25
pork,fork,1.0,1.0,0.25
pork,fork,1.0,1.0,0.25
gums,guess,1.0,1.25,0.25
spot,hot,1.0,0.75,0.25
cod,cob,1.0,1.0,0.25
cod,cob,1.0,1.0,0.25
gums,bum,1.0,0.75,0.25
bear,year,1.0,1.0,0.25
bear,year,1.0,1.0,0.25
whey,hey,1.0,0.75,0.25
cod,cob,1.0,1.0,0.25
meat,<eat,1.0,1.0,0.25
teff,stuff,1.0,1.25,0.25
meat,<eat,1.0,1.0,0.25
scup,yup,1.0,0.75,0.25
soup,yup,1.0,0.75,0.25
cod,cob,1.0,1.0,0.25
radishes,radio,2.0,0.625,0.25
radishes,radio,2.0,0.625,0.25
dip,dish,1.0,1.333,0.25
fish,dish,1.0,1.0,0.25
radishes,radio,2.0,0.625,0.25
scup,yup,1.0,0.75,0.25
soup,yup,1.0,0.75,0.25
scup,yup,1.0,0.75,0.25
soup,yup,1.0,0.75,0.25
bear,year,1.0,1.0,0.25
gums,guys,1.0,1.0,0.25
cod,cob,1.0,1.0,0.25
gums,guys,1.0,1.0,0.25
rice,ice,1.0,0.75,0.25
stew,ten,1.0,0.75,0.25
tea,ten,1.0,1.0,0.25
meat,<eat,1.0,1.0,0.25
oats,eat,1.0,0.75,0.25
oat,eat,1.0,1.0,0.25
meat,eat,1.0,0.75,0.25
seal,eat,1.0,0.75,0.25
fat,eat,1.0,1.0,0.25
pork,fork,1.0,1.0,0.25
pork,fork,1.0,1.0,0.25
malt,salt,1.0,1.0,0.25
malt,salt,1.0,1.0,0.25
oats,eat,1.0,0.75,0.25
oat,eat,1.0,1.0,0.25
meat,eat,1.0,0.75,0.25
seal,eat,1.0,0.75,0.25
fat,eat,1.0,1.0,0.25
oats,eat,1.0,0.75,0.25
oat,eat,1.0,1.0,0.25
meat,eat,1.0,0.75,0.25
seal,eat,1.0,0.75,0.25
fat,eat,1.0,1.0,0.25
roasting,eating,2.0,0.75,0.25
potato bread,potato salad,3.0,1.0,0.25
potato bread,potato salad,3.0,1.0,0.25
nuts,shut,1.0,1.0,0.25
root,room,1.0,1.0,0.25
whey,hey,1.0,0.75,0.25
gums,guys,1.0,1.0,0.25
owl,ow,1.0,0.667,0.25
pate,plate,1.0,1.25,0.25
spot,lot,1.0,0.75,0.25
mush,huh,1.0,0.75,0.25
whey,hey,1.0,0.75,0.25
eel,see>,1.0,1.333,0.25
kelp,help,1.0,1.0,0.25
tomatoes,potatoes,2.0,1.0,0.25
red potatoes,(.) potatoes,3.0,1.0,0.25
raw potatoes,(.) potatoes,3.0,1.0,0.25
tomatoes,potatoes,2.0,1.0,0.25
bass,bus,1.0,0.75,0.25
fan,van,1.0,1.0,0.25
fan,van,1.0,1.0,0.25
fan,van,1.0,1.0,0.25
oats,eat,1.0,0.75,0.25
oat,eat,1.0,1.0,0.25
meat,eat,1.0,0.75,0.25
seal,eat,1.0,0.75,0.25
fat,eat,1.0,1.0,0.25
tomatoes,potatoes,2.0,1.0,0.25
shad,dad,1.0,0.75,0.25
mush,huh,1.0,0.75,0.25
rice,ice,1.0,0.75,0.25
rice,ice,1.0,0.75,0.25
mush,huh,1.0,0.75,0.25
oats,fast,1.0,1.0,0.25
oat,fast,1.0,1.333,0.25
fan,fast,1.0,1.333,0.25
oats,eat,1.0,0.75,0.25
oat,eat,1.0,1.0,0.25
meat,eat,1.0,0.75,0.25
seal,eat,1.0,0.75,0.25
fat,eat,1.0,1.0,0.25
veal,meal,1.0,1.0,0.25
meat,meal,1.0,1.0,0.25
seal,meal,1.0,1.0,0.25
oats,eat,1.0,0.75,0.25
oat,eat,1.0,1.0,0.25
meat,eat,1.0,0.75,0.25
seal,eat,1.0,0.75,0.25
fat,eat,1.0,1.0,0.25
rice,spice,1.0,1.25,0.25
pace,spice,1.0,1.25,0.25
shad,ham,1.0,0.75,0.25
yam,ham,1.0,1.0,0.25
jams,ham,1.0,0.75,0.25
scrapple,apple,2.0,0.625,0.25
pike,spice,1.0,1.25,0.25
figs,fix,1.0,0.75,0.25
fish,fix,1.0,0.75,0.25
oats,mat,1.0,0.75,0.25
malt,mat,1.0,0.75,0.25
oat,mat,1.0,1.0,0.25
masa,mat,1.0,0.75,0.25
fat,mat,1.0,1.0,0.25
bear,years,1.0,1.25,0.25
bear,year,1.0,1.0,0.25
bear,year,1.0,1.0,0.25
pork,work,1.0,1.0,0.25
eel,see,1.0,1.0,0.25
cake,cause,1.0,1.25,0.25
oats,mat,1.0,0.75,0.25
malt,mat,1.0,0.75,0.25
oat,mat,1.0,1.0,0.25
masa,mat,1.0,0.75,0.25
fat,mat,1.0,1.0,0.25
mace,face,1.0,1.0,0.25
pace,face,1.0,1.0,0.25
tomatoes,potatoes,2.0,1.0,0.25
oats,eat,1.0,0.75,0.25
oat,eat,1.0,1.0,0.25
meat,eat,1.0,0.75,0.25
seal,eat,1.0,0.75,0.25
fat,eat,1.0,1.0,0.25
tomatoes,potatoes,2.0,1.0,0.25
tomatoes,potatoes,2.0,1.0,0.25
tomatoes,potatoes,2.0,1.0,0.25
tomatoes,potatoes,2.0,1.0,0.25
tomatoes,potatoes,2.0,1.0,0.25
potatoes,(po)tatoes,2.0,1.25,0.25
yolk,folks,1.0,1.25,0.25
feet,feed,1.0,1.0,0.25
dip,lips,1.0,1.333,0.25
spot,lot,1.0,0.75,0.25
pork,work,1.0,1.0,0.25
rye,yes,1.0,1.0,0.25
teff,stuff,1.0,1.25,0.25
soft,of],1.0,0.75,0.25
cake,shake,1.0,1.25,0.25
tart,part,1.0,1.0,0.25
oats,eat,1.0,0.75,0.25
oat,eat,1.0,1.0,0.25
meat,eat,1.0,0.75,0.25
seal,eat,1.0,0.75,0.25
fat,eat,1.0,1.0,0.25
oats cereals,bran cereal,3.0,0.917,0.25
soft,oats,1.0,1.0,0.25
fat,oats,1.0,1.333,0.25
goat,oats,1.0,1.0,0.25
oats,<oats,1.0,1.25,0.25
soft,oats,1.0,1.0,0.25
fat,oats,1.0,1.333,0.25
goat,<oats,1.0,1.25,0.25
goat,oats,1.0,1.0,0.25
nuts,<nut,1.0,1.0,0.25
masa,man,1.0,0.75,0.25
fan,man,1.0,1.0,0.25
feet chicken,fried chicken,3.0,1.083,0.25
mace,face,1.0,1.0,0.25
pace,face,1.0,1.0,0.25
rye,yes,1.0,1.0,0.25
mush,huh,1.0,0.75,0.25
oats,eat,1.0,0.75,0.25
oat,eat,1.0,1.0,0.25
meat,eat,1.0,0.75,0.25
seal,eat,1.0,0.75,0.25
fat,eat,1.0,1.0,0.25
oats,cat,1.0,0.75,0.25
oat,cat,1.0,1.0,0.25
fat,cat,1.0,1.0,0.25
oats,cat,1.0,0.75,0.25
oat,cat,1.0,1.0,0.25
fat,cat,1.0,1.0,0.25
oats,cat,1.0,0.75,0.25
oat,cat,1.0,1.0,0.25
fat,cat,1.0,1.0,0.25
oats,cat,1.0,0.75,0.25
oat,cat,1.0,1.0,0.25
fat,cat,1.0,1.0,0.25
cake,case,1.0,1.0,0.25
collards,dollars,2.0,0.875,0.25
eel,e@l,1.0,1.0,0.25
seal,e@l,1.0,0.75,0.25
eel,e@l,1.0,1.0,0.25
seal,e@l,1.0,0.75,0.25
teff,stuff,1.0,1.25,0.25
bear,years,1.0,1.25,0.25
mush,huh,1.0,0.75,0.25
pate,state,1.0,1.25,0.25
mush,huh,1.0,0.75,0.25
pork,work,1.0,1.0,0.25
rye,yes,1.0,1.0,0.25
shad,hands,1.0,1.25,0.25
hard,hands,1.0,1.25,0.25
shad,hands,1.0,1.25,0.25
hard,hands,1.0,1.25,0.25
masa,man,1.0,0.75,0.25
fan,man,1.0,1.0,0.25
pork,work,1.0,1.0,0.25
red potatoes,good potatoes,3.0,1.083,0.25
tomatoes,potatoes,2.0,1.0,0.25
oats,eat,1.0,0.75,0.25
oat,eat,1.0,1.0,0.25
meat,eat,1.0,0.75,0.25
seal,eat,1.0,0.75,0.25
fat,eat,1.0,1.0,0.25
tomatoes,potatoes,2.0,1.0,0.25
radishes,ladies,2.0,0.75,0.25
poi,spot,1.0,1.333,0.25
rye,yes,1.0,1.0,0.25
salt cereals,new cereal,3.0,0.833,0.25
oats cereals,new cereal,3.0,0.833,0.25
rye,yes,1.0,1.0,0.25
strawberries,strawberry,3.0,0.833,0.25
chicken soup,chicken look,3.0,1.0,0.25
sage,ashes,1.0,1.25,0.25
sage,ashes,1.0,1.25,0.25
pate,plate,1.0,1.25,0.25
cusk,cup,1.0,0.75,0.25
soup,cup,1.0,0.75,0.25
scup,cup>,1.0,1.0,0.25
pork,work,1.0,1.0,0.25
collards,dollars,2.0,0.875,0.25
sage,saves,1.0,1.25,0.25
rice,nice,1.0,1.0,0.25
pate,taste,1.0,1.25,0.25
rye,yes,1.0,1.0,0.25
spot,lot,1.0,0.75,0.25
teff,stuff,1.0,1.25,0.25
oats,seats,1.0,1.25,0.25
meat,seats,1.0,1.25,0.25
seal,seats,1.0,1.25,0.25
lard,land,1.0,1.0,0.25
rye,yes,1.0,1.0,0.25
tart,part,1.0,1.0,0.25
mush,mushy,1.0,1.25,0.25
oats,eat,1.0,0.75,0.25
oat,eat,1.0,1.0,0.25
meat,eat,1.0,0.75,0.25
seal,eat,1.0,0.75,0.25
fat,eat,1.0,1.0,0.25
bear,year,1.0,1.0,0.25
oats,fast,1.0,1.0,0.25
oat,fast,1.0,1.333,0.25
fan,fast,1.0,1.333,0.25
roasting,eating,2.0,0.75,0.25
rye,yes,1.0,1.0,0.25
lard,land,1.0,1.0,0.25
roe,nose,1.0,1.333,0.25
roasting,eating,2.0,0.75,0.25
oats,eat,1.0,0.75,0.25
oat,eat,1.0,1.0,0.25
meat,eat,1.0,0.75,0.25
seal,eat,1.0,0.75,0.25
fat,eat,1.0,1.0,0.25
tart,part,1.0,1.0,0.25
eel,see,1.0,1.0,0.25
seal,ear,1.0,0.75,0.25
bear,ear,1.0,0.75,0.25
duck,yuck,1.0,1.0,0.25
roasting,eating,2.0,0.75,0.25
roasting,eating,2.0,0.75,0.25
bear,year,1.0,1.0,0.25
rye,yes,1.0,1.0,0.25
gums,guy,1.0,0.75,0.25
pink,pins,1.0,1.0,0.25
pie,pins,1.0,1.333,0.25
pink,pin,1.0,0.75,0.25
masa,man,1.0,0.75,0.25
pie,pin,1.0,1.0,0.25
fan,man,1.0,1.0,0.25
rye,yes,1.0,1.0,0.25
scup,cut,1.0,0.75,0.25
cusk,cut,1.0,0.75,0.25
nuts,cut,1.0,0.75,0.25
gums,guy,1.0,0.75,0.25
pink,pin,1.0,0.75,0.25
pie,pin,1.0,1.0,0.25
pink,pin,1.0,0.75,0.25
masa,man,1.0,0.75,0.25
pie,pin,1.0,1.0,0.25
fan,man,1.0,1.0,0.25
teff,stuff,1.0,1.25,0.25
gums,guy,1.0,0.75,0.25
pink,pin,1.0,0.75,0.25
pie,pin,1.0,1.0,0.25
gums,guy,1.0,0.75,0.25
pink,pin,1.0,0.75,0.25
pie,pin,1.0,1.0,0.25
tart,part,1.0,1.0,0.25
spot,lot,1.0,0.75,0.25
shad,hands,1.0,1.25,0.25
hard,hands,1.0,1.25,0.25
shad,hand,1.0,1.0,0.25
hard,hand,1.0,1.0,0.25
fat,fan,1.0,1.0,0.25
flan,fan,1.0,0.75,0.25
cod,cold,1.0,1.333,0.25
oats,eat,1.0,0.75,0.25
oat,eat,1.0,1.0,0.25
meat,eat,1.0,0.75,0.25
seal,eat,1.0,0.75,0.25
fat,eat,1.0,1.0,0.25
rye,yes,1.0,1.0,0.25
masa,man,1.0,0.75,0.25
fan,man,1.0,1.0,0.25
whey,hey,1.0,0.75,0.25
root,shoot,1.0,1.25,0.25
masa,man,1.0,0.75,0.25
fan,man,1.0,1.0,0.25
masa,man,1.0,0.75,0.25
fan,man,1.0,1.0,0.25
masa,man,1.0,0.75,0.25
fan,man,1.0,1.0,0.25
fan,fun,1.0,1.0,0.25
root,room,1.0,1.0,0.25
dove,love,1.0,1.0,0.25
dove,love,1.0,1.0,0.25
rye,yes,1.0,1.0,0.25
dove,love,1.0,1.0,0.25
dove,love,1.0,1.0,0.25
dove,love,1.0,1.0,0.25
dove,love,1.0,1.0,0.25
dove,love,1.0,1.0,0.25
dove,love,1.0,1.0,0.25
tart,part,1.0,1.0,0.25
tart,part,1.0,1.0,0.25
tart,part,1.0,1.0,0.25
dove,love,1.0,1.0,0.25
root,room,1.0,1.0,0.25
fat,fan,1.0,1.0,0.25
flan,fan,1.0,0.75,0.25
fat,fan,1.0,1.0,0.25
flan,fan,1.0,0.75,0.25
fat,fan,1.0,1.0,0.25
flan,fan,1.0,0.75,0.25
rye,yes,1.0,1.0,0.25
c snacks,<back,2.0,0.625,0.25
fat,fan,1.0,1.0,0.25
flan,fan,1.0,0.75,0.25
molasses,smoke,2.0,0.625,0.25
fat,fan,1.0,1.0,0.25
flan,fan,1.0,0.75,0.25
oats,seat,1.0,1.0,0.25
oat,seat,1.0,1.333,0.25
meat,seat,1.0,1.0,0.25
seal,seat,1.0,1.0,0.25
fat,seat,1.0,1.333,0.25
oats,seat,1.0,1.0,0.25
oats,seat,1.0,1.0,0.25
oat,seat,1.0,1.333,0.25
oat,seat,1.0,1.333,0.25
meat,seat,1.0,1.0,0.25
meat,seat,1.0,1.0,0.25
seal,seat,1.0,1.0,0.25
seal,seat,1.0,1.0,0.25
fat,seat,1.0,1.333,0.25
fat,seat,1.0,1.333,0.25
whey,hey,1.0,0.75,0.25
shad,hand,1.0,1.0,0.25
shad,hands,1.0,1.25,0.25
hard,hand,1.0,1.0,0.25
hard,hands,1.0,1.25,0.25
rye,eyes,1.0,1.333,0.25
pate,rates,1.0,1.25,0.25
eggs,<eggs,1.0,1.25,0.25
cake,cake>,1.0,1.25,0.25
pate,rate,1.0,1.0,0.25
pate,rate,1.0,1.0,0.25
pate,rate,1.0,1.0,0.25
pate,rate,1.0,1.0,0.25
spot,lot,1.0,0.75,0.25
oats,eat,1.0,0.75,0.25
oat,eat,1.0,1.0,0.25
meat,eat,1.0,0.75,0.25
seal,eat,1.0,0.75,0.25
fat,eat,1.0,1.0,0.25
desserts,sweets,2.0,0.75,0.25
oats,cat,1.0,0.75,0.25
oat,cat,1.0,1.0,0.25
fat,cat,1.0,1.0,0.25
root,foot,1.0,1.0,0.25
desserts,sweets,2.0,0.75,0.25
hard,share,1.0,1.25,0.25
oats,cat,1.0,0.75,0.25
oat,cat,1.0,1.0,0.25
fat,cat,1.0,1.0,0.25
oats,cats,1.0,1.0,0.25
oat,cats,1.0,1.333,0.25
fat,cats,1.0,1.333,0.25
scup,yup,1.0,0.75,0.25
soup,yup,1.0,0.75,0.25
cake,wake,1.0,1.0,0.25
tart,part,1.0,1.0,0.25
jute,just>,1.0,1.25,0.25
gums,guess,1.0,1.25,0.25
root,room,1.0,1.0,0.25
roasting,eating,2.0,0.75,0.25
beef,bee,1.0,0.75,0.25
beer,bee,1.0,0.75,0.25
bear,year,1.0,1.0,0.25
pate,plate,1.0,1.25,0.25
rye,yes,1.0,1.0,0.25
rye,yes,1.0,1.0,0.25
rye,yes,1.0,1.0,0.25
whey,hey,1.0,0.75,0.25
croutons,cotton,2.0,0.75,0.25
collards,dollars,2.0,0.875,0.25
collards,dollar,2.0,0.75,0.25
croutons,cotton,2.0,0.75,0.25
collards,dollar,2.0,0.75,0.25
salt,act,1.0,0.75,0.25
croutons,cotton,2.0,0.75,0.25
croutons,cotton,2.0,0.75,0.25
agar,sugar,1.0,1.25,0.25
chinese nuts,chinese boy,3.0,0.917,0.25
chinese nuts,chinese boy,3.0,0.917,0.25
oats,boats,1.0,1.25,0.25
boar,boats,1.0,1.25,0.25
goat,boats,1.0,1.25,0.25
teff,stuff,1.0,1.25,0.25
teff,stuff,1.0,1.25,0.25
shad,hands,1.0,1.25,0.25
hard,hands,1.0,1.25,0.25
gums,guy,1.0,0.75,0.25
root,foot,1.0,1.0,0.25
scrapple,apple,2.0,0.625,0.25
potatoes,tomatoes,2.0,1.0,0.25
red tomatoes,xxx tomatoes,3.0,1.0,0.25
raw tomatoes,xxx tomatoes,3.0,1.0,0.25
tomatoes,potatoes,2.0,1.0,0.25
potatoes,tomatoes,2.0,1.0,0.25
potatoes,tomatoes,2.0,1.0,0.25
gums,guess,1.0,1.25,0.25
brie,fries,1.0,1.25,0.25
glazed doughnuts,like doughnuts,4.0,0.875,0.25
roasting,eating,2.0,0.75,0.25
bear,year,1.0,1.0,0.25
corn,corn>,1.0,1.25,0.25
salt,act,1.0,0.75,0.25
carp,car,1.0,0.75,0.25
rye crackers,fire crackers,3.0,1.083,0.25
cod,god,1.0,1.0,0.25
dock,duck,1.0,1.0,0.25
dressing,driving,2.0,0.875,0.25
gums,guys,1.0,1.0,0.25
shad,hands,1.0,1.25,0.25
rye crackers,fire crackers,3.0,1.083,0.25
hard,hands,1.0,1.25,0.25
pace,place,1.0,1.25,0.25
gums,guys,1.0,1.0,0.25
mace,face,1.0,1.0,0.25
pace,face,1.0,1.0,0.25
desserts,beers>,2.0,0.75,0.25
desserts,beers,2.0,0.625,0.25
desserts,beers,2.0,0.625,0.25
deer,beers,1.0,1.25,0.25
deer,beers,1.0,1.25,0.25
bear,beers,1.0,1.25,0.25
bear,beers,1.0,1.25,0.25
beef,beers,1.0,1.25,0.25
beef,beers,1.0,1.25,0.25
pace,place,1.0,1.25,0.25
mush,huh,1.0,0.75,0.25
scup,cut,1.0,0.75,0.25
cusk,cut,1.0,0.75,0.25
nuts,cut,1.0,0.75,0.25
oats,hat,1.0,0.75,0.25
ham,hat,1.0,1.0,0.25
shad,hat,1.0,0.75,0.25
oat,hat,1.0,1.0,0.25
fat,hat,1.0,1.0,0.25
oats,hats,1.0,1.0,0.25
ham,hats,1.0,1.333,0.25
shad,hats,1.0,1.0,0.25
oat,hats,1.0,1.333,0.25
fat,hats,1.0,1.333,0.25
mush,huh,1.0,0.75,0.25
oats,hat,1.0,0.75,0.25
ham,hat,1.0,1.0,0.25
shad,hat,1.0,0.75,0.25
oat,hat,1.0,1.0,0.25
fat,hat,1.0,1.0,0.25
peas,tea,1.0,0.75,0.25
stew,tea,1.0,0.75,0.25
pea,tea,1.0,1.0,0.25
peas,tea,1.0,0.75,0.25
stew,tea,1.0,0.75,0.25
pea,tea,1.0,1.0,0.25
mush,huh,1.0,0.75,0.25
oats,hat,1.0,0.75,0.25
ham,hat,1.0,1.0,0.25
shad,hat,1.0,0.75,0.25
oat,hat,1.0,1.0,0.25
fat,hat,1.0,1.0,0.25
oats,hat,1.0,0.75,0.25
ham,hat,1.0,1.0,0.25
shad,hat,1.0,0.75,0.25
oat,hat,1.0,1.0,0.25
fat,hat,1.0,1.0,0.25
teff,stuff,1.0,1.25,0.25
raw cucumber,xxx cucumbers,3.0,1.083,0.25
sea cucumber,xxx cucumbers,3.0,1.083,0.25
rye,yes,1.0,1.0,0.25
carp,cars,1.0,1.0,0.25
carp,cars,1.0,1.0,0.25
pike,bikes,1.0,1.25,0.25
pike,bikes,1.0,1.25,0.25
oats,eat,1.0,0.75,0.25
oat,eat,1.0,1.0,0.25
meat,eat,1.0,0.75,0.25
seal,eat,1.0,0.75,0.25
fat,eat,1.0,1.0,0.25
rye,yes,1.0,1.0,0.25
rye,yes,1.0,1.0,0.25
mush,huh,1.0,0.75,0.25
ling,wings,1.0,1.25,0.25
hard,yard,1.0,1.0,0.25
lard,yard,1.0,1.0,0.25
mush,huh,1.0,0.75,0.25
mush,huh,1.0,0.75,0.25
mush,huh,1.0,0.75,0.25
duck,dunk,1.0,1.0,0.25
hard,shark,1.0,1.25,0.25
rye,yes,1.0,1.0,0.25
feet,feed,1.0,1.0,0.25
scup,soup,1.0,1.0,0.25
shad,had>,1.0,1.0,0.25
owl,bowl,1.0,1.333,0.25
scup,soup,1.0,1.0,0.25
owl,bowl,1.0,1.333,0.25
mush,huh,1.0,0.75,0.25
pate,plate,1.0,1.25,0.25
pate,plate,1.0,1.25,0.25
rice,ice,1.0,0.75,0.25
rice,ice,1.0,0.75,0.25
cream cheese,cream cone,3.0,0.833,0.25
rice,ice,1.0,0.75,0.25
cream cheese,cream cone,3.0,0.833,0.25
cod,cob,1.0,1.0,0.25
seedless,seeds,2.0,0.625,0.25
seedless,seeds,2.0,0.625,0.25
seedless,seeds,2.0,0.625,0.25
dock,deck,1.0,1.0,0.25
duck,deck,1.0,1.0,0.25
duck,dunk,1.0,1.0,0.25
duck,dunk,1.0,1.0,0.25
dip,slip,1.0,1.333,0.25
duck,dunk,1.0,1.0,0.25
duck,dunk,1.0,1.0,0.25
duck,dunk,1.0,1.0,0.25
duck,dunk,1.0,1.0,0.25
bear,year,1.0,1.0,0.25
yellow beans,yellow green,3.0,1.0,0.25
rye,yes,1.0,1.0,0.25
rice,ice,1.0,0.75,0.25
cream cheese,cream cone,3.0,0.833,0.25
rice,ice,1.0,0.75,0.25
cream cheese,cream cone,3.0,0.833,0.25
rice,ice,1.0,0.75,0.25
cream cheese,cream cone,3.0,0.833,0.25
rice,ice,1.0,0.75,0.25
cream cheese,cream cone,3.0,0.833,0.25
rice,ice,1.0,0.75,0.25
cream cheese,cream cone,3.0,0.833,0.25
rye,yes,1.0,1.0,0.25
pork,fork,1.0,1.0,0.25
mother's,others,2.0,0.75,0.25
yam,yay,1.0,1.0,0.25
eel,see,1.0,1.0,0.25
teff,stuff,1.0,1.25,0.25
oats,eat,1.0,0.75,0.25
shad,hands,1.0,1.25,0.25
oat,eat,1.0,1.0,0.25
meat,eat,1.0,0.75,0.25
seal,eat,1.0,0.75,0.25
hard,hands,1.0,1.25,0.25
fat,eat,1.0,1.0,0.25
shad,hand,1.0,1.0,0.25
hard,hand,1.0,1.0,0.25
pork,fork,1.0,1.0,0.25
spot,lot,1.0,0.75,0.25
oats,eat,1.0,0.75,0.25
oat,eat,1.0,1.0,0.25
meat,eat,1.0,0.75,0.25
seal,eat,1.0,0.75,0.25
fat,eat,1.0,1.0,0.25
malt,salt,1.0,1.0,0.25
desserts,heart,2.0,0.625,0.25
desserts,heart,2.0,0.625,0.25
desserts,heart,2.0,0.625,0.25
pork,park,1.0,1.0,0.25
fan,fun,1.0,1.0,0.25
meatless,castle,2.0,0.75,0.25
gums,guess,1.0,1.25,0.25
stew,ten,1.0,0.75,0.25
tea,ten,1.0,1.0,0.25
stew,ten,1.0,0.75,0.25
tea,ten,1.0,1.0,0.25
oats,eat,1.0,0.75,0.25
oat,eat,1.0,1.0,0.25
meat,eat,1.0,0.75,0.25
seal,eat,1.0,0.75,0.25
fat,eat,1.0,1.0,0.25
oats,eat,1.0,0.75,0.25
oats,eat,1.0,0.75,0.25
oats,eat,1.0,0.75,0.25
oat,eat,1.0,1.0,0.25
oat,eat,1.0,1.0,0.25
oat,eat,1.0,1.0,0.25
meat,eat,1.0,0.75,0.25
meat,eat,1.0,0.75,0.25
meat,eat,1.0,0.75,0.25
seal,eat,1.0,0.75,0.25
seal,eat,1.0,0.75,0.25
seal,eat,1.0,0.75,0.25
fat,eat,1.0,1.0,0.25
fat,eat,1.0,1.0,0.25
fat,eat,1.0,1.0,0.25
cusk,cup,1.0,0.75,0.25
soup,cup,1.0,0.75,0.25
oats,eat,1.0,0.75,0.25
oat,eat,1.0,1.0,0.25
meat,eat,1.0,0.75,0.25
seal,eat,1.0,0.75,0.25
fat,eat,1.0,1.0,0.25
oats,eat,1.0,0.75,0.25
oats,fat,1.0,0.75,0.25
oat,eat,1.0,1.0,0.25
oat,fat,1.0,1.0,0.25
meat,eat,1.0,0.75,0.25
seal,eat,1.0,0.75,0.25
fat,eat,1.0,1.0,0.25
fan,fat,1.0,1.0,0.25
oats,fat,1.0,0.75,0.25
oat,fat,1.0,1.0,0.25
fan,fat,1.0,1.0,0.25
oats,fat,1.0,0.75,0.25
oat,fat,1.0,1.0,0.25
fan,fat,1.0,1.0,0.25
rye,yes,1.0,1.0,0.25
oats,eat,1.0,0.75,0.25
oats,fat,1.0,0.75,0.25
oat,eat,1.0,1.0,0.25
oat,fat,1.0,1.0,0.25
meat,eat,1.0,0.75,0.25
seal,eat,1.0,0.75,0.25
fat,eat,1.0,1.0,0.25
fan,fat,1.0,1.0,0.25
oats,eat,1.0,0.75,0.25
oat,eat,1.0,1.0,0.25
meat,eat,1.0,0.75,0.25
seal,eat,1.0,0.75,0.25
fat,eat,1.0,1.0,0.25
oats,fat,1.0,0.75,0.25
oat,fat,1.0,1.0,0.25
fan,fat,1.0,1.0,0.25
root,room,1.0,1.0,0.25
root,room,1.0,1.0,0.25
root,room,1.0,1.0,0.25
oats,eat,1.0,0.75,0.25
oat,eat,1.0,1.0,0.25
meat,eat,1.0,0.75,0.25
seal,eat,1.0,0.75,0.25
fat,eat,1.0,1.0,0.25
oats,eat,1.0,0.75,0.25
oat,eat,1.0,1.0,0.25
meat,eat,1.0,0.75,0.25
seal,eat,1.0,0.75,0.25
fat,eat,1.0,1.0,0.25
root,room,1.0,1.0,0.25
root,room,1.0,1.0,0.25
oats,eat,1.0,0.75,0.25
oat,eat,1.0,1.0,0.25
meat,eat,1.0,0.75,0.25
seal,eat,1.0,0.75,0.25
fat,eat,1.0,1.0,0.25
spot,lot,1.0,0.75,0.25
teff,stuff,1.0,1.25,0.25
oats,boat,1.0,1.0,0.25
spot,lot,1.0,0.75,0.25
spot,lot,1.0,0.75,0.25
boar,boat,1.0,1.0,0.25
oat,boat,1.0,1.333,0.25
goat,boat,1.0,1.0,0.25
oats,boat,1.0,1.0,0.25
boar,boat,1.0,1.0,0.25
oat,boat,1.0,1.333,0.25
goat,boat,1.0,1.0,0.25
dock,duck,1.0,1.0,0.25
oats,eat,1.0,0.75,0.25
oat,eat,1.0,1.0,0.25
meat,eat,1.0,0.75,0.25
seal,eat,1.0,0.75,0.25
fat,eat,1.0,1.0,0.25
mush,huh,1.0,0.75,0.25
ling,wings,1.0,1.25,0.25
rye,yes,1.0,1.0,0.25
masa,man,1.0,0.75,0.25
fan,man,1.0,1.0,0.25
mush,huh,1.0,0.75,0.25
oats,eat,1.0,0.75,0.25
oat,eat,1.0,1.0,0.25
meat,eat,1.0,0.75,0.25
seal,eat,1.0,0.75,0.25
fat,eat,1.0,1.0,0.25
masa,mama,1.0,1.0,0.25
dove,move,1.0,1.0,0.25
mush,huh,1.0,0.75,0.25
bass,bag,1.0,0.75,0.25
bass,bag,1.0,0.75,0.25
shallots,hello,2.0,0.625,0.25
eel,see,1.0,1.0,0.25
oats,eat,1.0,0.75,0.25
oat,eat,1.0,1.0,0.25
meat,eat,1.0,0.75,0.25
seal,eat,1.0,0.75,0.25
fat,eat,1.0,1.0,0.25
mush,huh,1.0,0.75,0.25
lard,lord,1.0,1.0,0.25
pace,pages,1.0,1.25,0.25
pate,pages,1.0,1.25,0.25
sage,pages,1.0,1.25,0.25
pace,pages,1.0,1.25,0.25
pate,pages,1.0,1.25,0.25
sage,pages,1.0,1.25,0.25
fan,wan,1.0,1.0,0.25
oats,eat,1.0,0.75,0.25
oat,eat,1.0,1.0,0.25
meat,eat,1.0,0.75,0.25
seal,eat,1.0,0.75,0.25
fat,eat,1.0,1.0,0.25
kelp,help,1.0,1.0,0.25
jams,jar,1.0,0.75,0.25
mush,huh,1.0,0.75,0.25
bear,beans,1.0,1.25,0.25
bear,beans,1.0,1.25,0.25
cusk,cup,1.0,0.75,0.25
soup,cup,1.0,0.75,0.25
cusk,cup,1.0,0.75,0.25
soup,cup,1.0,0.75,0.25
potatoes,tomatoes,2.0,1.0,0.25
masa,man,1.0,0.75,0.25
fan,man,1.0,1.0,0.25
masa,man,1.0,0.75,0.25
fan,man,1.0,1.0,0.25
beef,beep,1.0,1.0,0.25
beef,beep,1.0,1.0,0.25
beer,beep,1.0,1.0,0.25
beer,beep,1.0,1.0,0.25
beef,beep,1.0,1.0,0.25
beef,beep,1.0,1.0,0.25
beer,beep,1.0,1.0,0.25
beer,beep,1.0,1.0,0.25
corn,horns,1.0,1.25,0.25
corn,horns,1.0,1.25,0.25
mush,huh,1.0,0.75,0.25
spot,lot,1.0,0.75,0.25
bear,beans,1.0,1.25,0.25
pate,taste,1.0,1.25,0.25
frozen bread,brown bread,3.0,0.917,0.25
figs,fish,1.0,1.0,0.25
original cereals,original <road,4.0,0.875,0.25
white spices,white ones,3.0,0.833,0.25
oats,boats,1.0,1.25,0.25
boar,boats,1.0,1.25,0.25
goat,boats,1.0,1.25,0.25
pork,park,1.0,1.0,0.25
pork,park,1.0,1.0,0.25
masa,man,1.0,0.75,0.25
fan,man,1.0,1.0,0.25
oats,coats,1.0,1.25,0.25
goat,coats,1.0,1.25,0.25
oats,coat,1.0,1.0,0.25
oat,coat,1.0,1.333,0.25
goat,coat,1.0,1.0,0.25
mush,huh,1.0,0.75,0.25
oats,eat,1.0,0.75,0.25
oat,eat,1.0,1.0,0.25
meat,eat,1.0,0.75,0.25
seal,eat,1.0,0.75,0.25
fat,eat,1.0,1.0,0.25
cusk,cup,1.0,0.75,0.25
soup,cup,1.0,0.75,0.25
poi,pot,1.0,1.0,0.25
oats,eat,1.0,0.75,0.25
oat,eat,1.0,1.0,0.25
meat,eat,1.0,0.75,0.25
seal,eat,1.0,0.75,0.25
fat,eat,1.0,1.0,0.25
rice,ice,1.0,0.75,0.25
rice,ice,1.0,0.75,0.25
rice,ice,1.0,0.75,0.25
rice,ice,1.0,0.75,0.25
gums,gun,1.0,0.75,0.25
oats,eat,1.0,0.75,0.25
oat,eat,1.0,1.0,0.25
meat,eat,1.0,0.75,0.25
seal,eat,1.0,0.75,0.25
fat,eat,1.0,1.0,0.25
mush,huh,1.0,0.75,0.25
cod,cold,1.0,1.333,0.25
masa,man,1.0,0.75,0.25
fan,man,1.0,1.0,0.25
spot,lot,1.0,0.75,0.25
rye,yes,1.0,1.0,0.25
roe,shoe,1.0,1.333,0.25
roe,shoe,1.0,1.333,0.25
root,boots,1.0,1.25,0.25
root,boots,1.0,1.25,0.25
rye,yes,1.0,1.0,0.25
root,boots,1.0,1.25,0.25
root,boots,1.0,1.25,0.25
root,boots,1.0,1.25,0.25
root,boots,1.0,1.25,0.25
root,boots,1.0,1.25,0.25
root,boots,1.0,1.25,0.25
root,boots,1.0,1.25,0.25
rye,yes,1.0,1.0,0.25
pork,work,1.0,1.0,0.25
root,boots,1.0,1.25,0.25
oats,coat,1.0,1.0,0.25
oat,coat,1.0,1.333,0.25
goat,coat,1.0,1.0,0.25
oats,coats,1.0,1.25,0.25
goat,coats,1.0,1.25,0.25
feet,feet>,1.0,1.25,0.25
figs,fish,1.0,1.0,0.25
rice,ice,1.0,0.75,0.25
duck,yuck,1.0,1.0,0.25
rye,eyes,1.0,1.333,0.25
rye,eyes,1.0,1.333,0.25
scup,yup,1.0,0.75,0.25
soup,yup,1.0,0.75,0.25
rye,yes,1.0,1.0,0.25
rye,yes,1.0,1.0,0.25
mace,face,1.0,1.0,0.25
pace,face,1.0,1.0,0.25
scup,yup,1.0,0.75,0.25
soup,yup,1.0,0.75,0.25
shad,hand,1.0,1.0,0.25
hard,hand,1.0,1.0,0.25
scup,yup,1.0,0.75,0.25
soup,yup,1.0,0.75,0.25
scup,yup,1.0,0.75,0.25
soup,yup,1.0,0.75,0.25
pate,ate,1.0,0.75,0.25
sage,ate,1.0,0.75,0.25
sage,cage,1.0,1.0,0.25
cake,cage,1.0,1.0,0.25
scup,yup,1.0,0.75,0.25
soup,yup,1.0,0.75,0.25
shad,hands,1.0,1.25,0.25
hard,hands,1.0,1.25,0.25
shad,hands,1.0,1.25,0.25
hard,hands,1.0,1.25,0.25
eel,eee,1.0,1.0,0.25
jute,just>,1.0,1.25,0.25
mush,huh,1.0,0.75,0.25
masa,mask,1.0,1.0,0.25
masa,mask,1.0,1.0,0.25
masa,mask,1.0,1.0,0.25
dip,tip,1.0,1.0,0.25
mush,huh,1.0,0.75,0.25
c snacks,crack,2.0,0.625,0.25
pace,place,1.0,1.25,0.25
duck,yuck,1.0,1.0,0.25
nuts,num,1.0,0.75,0.25
nuts,num,1.0,0.75,0.25
gums,num,1.0,0.75,0.25
gums,num,1.0,0.75,0.25
roasting,eating,2.0,0.75,0.25
oats,eat,1.0,0.75,0.25
oat,eat,1.0,1.0,0.25
meat,eat,1.0,0.75,0.25
seal,eat,1.0,0.75,0.25
fat,eat,1.0,1.0,0.25
rye,yes,1.0,1.0,0.25
kelp,help,1.0,1.0,0.25
kelp,help,1.0,1.0,0.25
kelp,help,1.0,1.0,0.25
rye,yes,1.0,1.0,0.25
snap,lap,1.0,0.75,0.25
snap,lap,1.0,0.75,0.25
pate,ate,1.0,0.75,0.25
sage,ate,1.0,0.75,0.25
pate,ate,1.0,0.75,0.25
sage,ate,1.0,0.75,0.25
oats,eat,1.0,0.75,0.25
oat,eat,1.0,1.0,0.25
meat,eat,1.0,0.75,0.25
seal,eat,1.0,0.75,0.25
fat,eat,1.0,1.0,0.25
dock,duck,1.0,1.0,0.25
dock,duck,1.0,1.0,0.25
malt,salt,1.0,1.0,0.25
dock,duck,1.0,1.0,0.25
mush,huh,1.0,0.75,0.25
roasting,eating,2.0,0.75,0.25
gums,gun,1.0,0.75,0.25
gums,gun,1.0,0.75,0.25
gums,gun,1.0,0.75,0.25
gums,gun,1.0,0.75,0.25
mush,huh,1.0,0.75,0.25
roe,nose,1.0,1.333,0.25
roe,nose,1.0,1.333,0.25
gums,gun,1.0,0.75,0.25
roe,nose,1.0,1.333,0.25
gums,guns,1.0,1.0,0.25
scup,yup,1.0,0.75,0.25
soup,yup,1.0,0.75,0.25
roe,nose,1.0,1.333,0.25
roe,rope,1.0,1.333,0.25
c snacks,crack,2.0,0.625,0.25
rye,eyes,1.0,1.333,0.25
pate,ate,1.0,0.75,0.25
sage,ate,1.0,0.75,0.25
mush,huh,1.0,0.75,0.25
oats,eat,1.0,0.75,0.25
oat,eat,1.0,1.0,0.25
meat,eat,1.0,0.75,0.25
seal,eat,1.0,0.75,0.25
fat,eat,1.0,1.0,0.25
mush,huh,1.0,0.75,0.25
dock,duck,1.0,1.0,0.25
roasting,eating,2.0,0.75,0.25
nuts,num,1.0,0.75,0.25
nuts,num,1.0,0.75,0.25
nuts,num,1.0,0.75,0.25
gums,num,1.0,0.75,0.25
gums,num,1.0,0.75,0.25
gums,num,1.0,0.75,0.25
whey,hey,1.0,0.75,0.25
scup,yup,1.0,0.75,0.25
soup,yup,1.0,0.75,0.25
tart,part,1.0,1.0,0.25
mush,huh,1.0,0.75,0.25
tart,part,1.0,1.0,0.25
tart,part,1.0,1.0,0.25
tart,part,1.0,1.0,0.25
tart,part,1.0,1.0,0.25
tart,parts,1.0,1.25,0.25
tart,part,1.0,1.0,0.25
tart,part,1.0,1.0,0.25
tart,part,1.0,1.0,0.25
dock,duck,1.0,1.0,0.25
sage,cage,1.0,1.0,0.25
cake,cage,1.0,1.0,0.25
shiitake,mistake,2.0,0.875,0.25
oats,eat,1.0,0.75,0.25
oat,eat,1.0,1.0,0.25
meat,eat,1.0,0.75,0.25
seal,eat,1.0,0.75,0.25
fat,eat,1.0,1.0,0.25
pate,gates,1.0,1.25,0.25
hard,yard,1.0,1.0,0.25
lard,yard,1.0,1.0,0.25
tart,parts,1.0,1.25,0.25
masa,man,1.0,0.75,0.25
fan,man,1.0,1.0,0.25
mush,huh,1.0,0.75,0.25
tart,parts,1.0,1.25,0.25
mush,huh,1.0,0.75,0.25
shad,hand,1.0,1.0,0.25
hard,hand,1.0,1.0,0.25
shad,hand,1.0,1.0,0.25
hard,hand,1.0,1.0,0.25
shad,hand,1.0,1.0,0.25
hard,hand,1.0,1.0,0.25
mush,huh,1.0,0.75,0.25
shad,hand,1.0,1.0,0.25
hard,hand,1.0,1.0,0.25
mush,huh,1.0,0.75,0.25
masa,man,1.0,0.75,0.25
fan,man,1.0,1.0,0.25
shad,hand,1.0,1.0,0.25
hard,hand,1.0,1.0,0.25
spot,lot,1.0,0.75,0.25
mush,huh,1.0,0.75,0.25
mush,huh,1.0,0.75,0.25
spot,lot,1.0,0.75,0.25
mush,huh,1.0,0.75,0.25
hard,yard,1.0,1.0,0.25
lard,yard,1.0,1.0,0.25
mace,smack,1.0,1.25,0.25
chips snacks,*chi: smack,3.0,0.917,0.25
owl,ow,1.0,0.667,0.25
roasting,eating,2.0,0.75,0.25
green turtle,pretend turtle,3.0,1.167,0.25
green turtle,pretend turtles,3.0,1.25,0.25
scup,yup,1.0,0.75,0.25
soup,yup,1.0,0.75,0.25
green turtle,pretend turtles,3.0,1.25,0.25
green turtle,real turtles,3.0,1.0,0.25
mush,huh,1.0,0.75,0.25
mush,huh,1.0,0.75,0.25
bear,years,1.0,1.25,0.25
bear,years,1.0,1.25,0.25
bear,years,1.0,1.25,0.25
bear,years,1.0,1.25,0.25
shad,&ad,1.0,0.75,0.25
eel,see,1.0,1.0,0.25
jute,just],1.0,1.25,0.25
oil,o@l,1.0,1.0,0.25
owl,o@l,1.0,1.0,0.25
oil,o@l,1.0,1.0,0.25
owl,o@l,1.0,1.0,0.25
mush,huh,1.0,0.75,0.25
spot,lot,1.0,0.75,0.25
rice,ice,1.0,0.75,0.25
cod,cold,1.0,1.333,0.25
cusk,cup,1.0,0.75,0.25
soup,cup,1.0,0.75,0.25
pate,taste,1.0,1.25,0.25
rice,ice,1.0,0.75,0.25
mush,huh,1.0,0.75,0.25
bass,bus,1.0,0.75,0.25
bass,pass,1.0,1.0,0.25
mush,huh,1.0,0.75,0.25
root,room,1.0,1.0,0.25
oats,coat,1.0,1.0,0.25
oat,coat,1.0,1.333,0.25
goat,coat,1.0,1.0,0.25
oats,eat,1.0,0.75,0.25
oat,eat,1.0,1.0,0.25
meat,eat,1.0,0.75,0.25
seal,eat,1.0,0.75,0.25
fat,eat,1.0,1.0,0.25
roasting,eating,2.0,0.75,0.25
spot,lot,1.0,0.75,0.25
bass,bus,1.0,0.75,0.25
bass,bus,1.0,0.75,0.25
masa,man,1.0,0.75,0.25
fan,man,1.0,1.0,0.25
bass,bus,1.0,0.75,0.25
bass,bus,1.0,0.75,0.25
green olives,green blue,3.0,0.833,0.25
oats,cat,1.0,0.75,0.25
oat,cat,1.0,1.0,0.25
fat,cat,1.0,1.0,0.25
oats,cat,1.0,0.75,0.25
oat,cat,1.0,1.0,0.25
fat,cat,1.0,1.0,0.25
oats,cat,1.0,0.75,0.25
oat,cat,1.0,1.0,0.25
fat,cat,1.0,1.0,0.25
carp,care,1.0,1.0,0.25
cake,care,1.0,1.0,0.25
eel,see,1.0,1.0,0.25
pink,sink,1.0,1.0,0.25
owl,bowl,1.0,1.333,0.25
owl,bowl,1.0,1.333,0.25
cusk,cup,1.0,0.75,0.25
soup,cup,1.0,0.75,0.25
cusk,cup,1.0,0.75,0.25
pink,sink,1.0,1.0,0.25
soup,cup,1.0,0.75,0.25
owl,bowl,1.0,1.333,0.25
masa,mama,1.0,1.0,0.25
napa,papa,1.0,1.0,0.25
carp,car,1.0,0.75,0.25
carp,car,1.0,0.75,0.25
ling,lines,1.0,1.25,0.25
chunky peanut butter,*chi: peanut butter,5.0,0.95,0.25
smooth peanut butter,*chi: peanut butter,5.0,0.95,0.25
gums,yum,1.0,0.75,0.25
yam,yum,1.0,1.0,0.25
bass,bag,1.0,0.75,0.25
bass,bag,1.0,0.75,0.25
seal,ears,1.0,1.0,0.25
bear,ears,1.0,1.0,0.25
seal,ears,1.0,1.0,0.25
bear,ears,1.0,1.0,0.25
pork,work,1.0,1.0,0.25
mush,huh,1.0,0.75,0.25
mush,huh,1.0,0.75,0.25
stew,test,1.0,1.0,0.25
tea,test,1.0,1.333,0.25
stew,test,1.0,1.0,0.25
tea,test,1.0,1.333,0.25
stew,test,1.0,1.0,0.25
tea,test,1.0,1.333,0.25
dove,move,1.0,1.0,0.25
molasses,smoke,2.0,0.625,0.25
dove,move,1.0,1.0,0.25
mush,huh,1.0,0.75,0.25
shad,hands,1.0,1.25,0.25
hard,hands,1.0,1.25,0.25
oats,eat,1.0,0.75,0.25
oat,eat,1.0,1.0,0.25
meat,eat,1.0,0.75,0.25
seal,eat,1.0,0.75,0.25
fat,eat,1.0,1.0,0.25
rye,yes,1.0,1.0,0.25
rye,yes,1.0,1.0,0.25
duck,yuck,1.0,1.0,0.25
tablets desserts,want dessert,4.0,0.75,0.25
mush,huh,1.0,0.75,0.25
mush,huh,1.0,0.75,0.25
agar,sugar,1.0,1.25,0.25
agar,sugar,1.0,1.25,0.25
agar,sugar,1.0,1.25,0.25
soup,oops,1.0,1.0,0.25
soup,oops,1.0,1.0,0.25
mush,huh,1.0,0.75,0.25
pate,taste,1.0,1.25,0.25
rye,yes,1.0,1.0,0.25
soy meal,oatmeal,2.0,0.875,0.25
milk,milk>,1.0,1.25,0.25
mush,huh,1.0,0.75,0.25
root,room,1.0,1.0,0.25
mush,huh,1.0,0.75,0.25
agar,sugar,1.0,1.25,0.25
agar,sugar,1.0,1.25,0.25
shad,hand,1.0,1.0,0.25
hard,hand,1.0,1.0,0.25
shad,hand,1.0,1.0,0.25
hard,hand,1.0,1.0,0.25
shad,hand,1.0,1.0,0.25
pink,ink,1.0,0.75,0.25
hard,hand,1.0,1.0,0.25
pork,work,1.0,1.0,0.25
shad,ham,1.0,0.75,0.25
yam,ham,1.0,1.0,0.25
jams,ham,1.0,0.75,0.25
mush,huh,1.0,0.75,0.25
rye,yes,1.0,1.0,0.25
teff,stuff,1.0,1.25,0.25
teff,stuff,1.0,1.25,0.25
carp,car,1.0,0.75,0.25
carp,car,1.0,0.75,0.25
fat,fan,1.0,1.0,0.25
flan,fan,1.0,0.75,0.25
carp,car's,1.0,1.25,0.25
carp,car,1.0,0.75,0.25
snap,lap,1.0,0.75,0.25
snap,lap,1.0,0.75,0.25
rye,yes,1.0,1.0,0.25
spot,lot,1.0,0.75,0.25
oats,eat,1.0,0.75,0.25
oat,eat,1.0,1.0,0.25
meat,eat,1.0,0.75,0.25
seal,eat,1.0,0.75,0.25
fat,eat,1.0,1.0,0.25
oats,eat,1.0,0.75,0.25
oat,eat,1.0,1.0,0.25
meat,eat,1.0,0.75,0.25
seal,eat,1.0,0.75,0.25
fat,eat,1.0,1.0,0.25
crab,scram,1.0,1.25,0.25
potato chips snacks,potato chips,5.0,0.632,0.263
chocolate syrup,chocolate (.),4.0,0.867,0.267
chocolate syrup,chocolate (.),4.0,0.867,0.267
chocolate syrup,chocolate cake,4.0,0.933,0.267
chocolate syrup,chocolate cake,4.0,0.933,0.267
chocolate syrup,chocolate cake,4.0,0.933,0.267
chocolate syrup,chocolate [?],4.0,0.867,0.267
leaves broccoli,<eat broccoli>,4.0,0.933,0.267
russet potatoes,*mot: potatoes,4.0,0.933,0.267
russet potatoes,(.) potatoes,4.0,0.8,0.267
raisins cereals,bran cereal,4.0,0.733,0.267
instant cereals,bran cereal,4.0,0.733,0.267
roasted chicken,fried chicken,4.0,0.867,0.267
cooked potatoes,good potatoes,4.0,0.867,0.267
mashed potatoes,good potatoes,4.0,0.867,0.267
russet potatoes,good potatoes,4.0,0.867,0.267
soft fast foods,it's cat food,4.0,0.867,0.267
wing fast foods,it's cat food,4.0,0.867,0.267
mashed potatoes,*chi: potatoes,4.0,0.933,0.267
plain doughnuts,like doughnuts,4.0,0.933,0.267
cheese crackers,fire crackers,4.0,0.867,0.267
wafers crackers,fire crackers,4.0,0.867,0.267
cheese crackers,fire crackers,4.0,0.867,0.267
wafers crackers,fire crackers,4.0,0.867,0.267
rich ice creams,(.) ice cream,4.0,0.867,0.267
ice cream cones,ice cream> [>],4.0,0.933,0.267
ice cream cones,ice cream (.),4.0,0.867,0.267
sunchips snacks,*chi: smack,4.0,0.733,0.267
spanish peanuts,*chi: peanut,4.0,0.8,0.267
mousse desserts,want dessert,4.0,0.8,0.267
carrot cake,carrot haha,3.0,1.0,0.273
potato soup,potato chips,3.0,1.091,0.273
cheese soup,cheese look,3.0,1.0,0.273
whole seeds,apple seed,3.0,0.909,0.273
whole seeds,apple seed,3.0,0.909,0.273
cranberries,strawberries>,3.0,1.182,0.273
raspberries,strawberries>,3.0,1.182,0.273
yellow corn,yellow one,3.0,0.909,0.273
yellow cake,yellow one,3.0,0.909,0.273
whole seeds,whole box,3.0,0.818,0.273
black beans,black hey,3.0,0.818,0.273
orange fish,orange food,3.0,1.0,0.273
cheese food,green food,3.0,0.909,0.273
gingersnaps,fingernails,3.0,1.0,0.273
2% fat milk,*fat: milk,3.0,0.909,0.273
1% fat milk,*fat: milk,3.0,0.909,0.273
2% fat milk,*fat: milk,3.0,0.909,0.273
1% fat milk,*fat: milk,3.0,0.909,0.273
spaghettios,spaghetti,3.0,0.818,0.273
whole seeds,whole year,3.0,0.909,0.273
whole seeds,whole year,3.0,0.909,0.273
gingersnaps,ginger+ale,3.0,0.909,0.273
dry cereals,bran cereal,3.0,1.0,0.273
dry cereals,new cereal,3.0,0.909,0.273
chicken fat,chicken's,3.0,0.818,0.273
kraft foods,cat food,3.0,0.727,0.273
kraft foods,cat+food,3.0,0.727,0.273
kraft foods,cat food,3.0,0.727,0.273
tomato soup,tomato okay,3.0,1.0,0.273
kashi pizza,*chi: pizza,3.0,1.0,0.273
water sauce,tartar sauce,3.0,1.091,0.273
pasta sauce,tartar sauce,3.0,1.091,0.273
water sauce,tartar sauce,3.0,1.091,0.273
pasta sauce,tartar sauce,3.0,1.091,0.273
white sauce,white ones,3.0,0.909,0.273
white rolls,white ones,3.0,0.909,0.273
water sauce,water gun,3.0,0.818,0.273
ginger root,winter boots,3.0,1.091,0.273
spaghettios,spaghetti,3.0,0.818,0.273
green beans,green blue,3.0,0.909,0.273
green beans,green car,3.0,0.818,0.273
pecans nuts,pean(ut),3.0,0.727,0.273
kashi pizza,*chi: pizza,3.0,1.0,0.273
kashi pizza,*chi: pizza,3.0,1.0,0.273
potato chips snack,potato chips,5.0,0.667,0.278
chocolate desserts,chocolate (.),5.0,0.722,0.278
chocolate desserts,chocolate (.),5.0,0.722,0.278
chocolate desserts,chocolate <gives,5.0,0.889,0.278
chocolate desserts,chocolate cake,5.0,0.778,0.278
not chocolate cake,chocolate cake,5.0,0.778,0.278
chocolate desserts,chocolate cake,5.0,0.778,0.278
not chocolate cake,chocolate cake,5.0,0.778,0.278
chocolate desserts,chocolate cake,5.0,0.778,0.278
not chocolate cake,chocolate cake,5.0,0.778,0.278
chocolate desserts,chocolate [?],5.0,0.722,0.278
regular ice creams,*gma: ice cream,5.0,0.833,0.278
parsley,party,2.0,0.714,0.286
whiting,whining],2.0,1.143,0.286
parsley,party,2.0,0.714,0.286
parsley,party,2.0,0.714,0.286
snapper,pepper,2.0,0.857,0.286
parsley,party,2.0,0.714,0.286
swanson,wanna,2.0,0.714,0.286
parsley,party,2.0,0.714,0.286
cockles,cookie,2.0,0.857,0.286
cockles,cookie,2.0,0.857,0.286
tamales,table,2.0,0.714,0.286
stewing,things,2.0,0.857,0.286
peppers,supper,2.0,0.857,0.286
snapper,supper,2.0,0.857,0.286
babassu,babies,2.0,0.857,0.286
chocolate cake,chocolate (.),4.0,0.929,0.286
chocolate milk,chocolate (.),4.0,0.929,0.286
chocolate cake,chocolate (.),4.0,0.929,0.286
chocolate milk,chocolate (.),4.0,0.929,0.286
whole potatoes,whole place,4.0,0.786,0.286
peaches,place,2.0,0.714,0.286
stewing,thing,2.0,0.714,0.286
quinces,juice,2.0,0.714,0.286
quinces,juice,2.0,0.714,0.286
quinces,juice,2.0,0.714,0.286
quinces,juice,2.0,0.714,0.286
quinces,juice,2.0,0.714,0.286
snapper,pepper,2.0,0.857,0.286
stewing,thing,2.0,0.714,0.286
breakfast tart,breakfast (.),4.0,0.929,0.286
snapper,pepper,2.0,0.857,0.286
tamales,table,2.0,0.714,0.286
tamales,table,2.0,0.714,0.286
peppers,paper,2.0,0.714,0.286
snapper,paper,2.0,0.714,0.286
chervil,cherries,2.0,1.143,0.286
peppers,supper,2.0,0.857,0.286
snapper,supper,2.0,0.857,0.286
raisins,radio,2.0,0.714,0.286
potherb,mother>,2.0,1.0,0.286
tamales,table,2.0,0.714,0.286
tamales,table,2.0,0.714,0.286
pudding,kidding,2.0,1.0,0.286
stewing,things,2.0,0.857,0.286
quinces,juice,2.0,0.714,0.286
chinese,cheese,2.0,0.857,0.286
chinese,cheese,2.0,0.857,0.286
stewing,things,2.0,0.857,0.286
stewing,things,2.0,0.857,0.286
quinces,juice,2.0,0.714,0.286
quinces,juice,2.0,0.714,0.286
quinces,juice,2.0,0.714,0.286
swanson,want>,2.0,0.714,0.286
tamales,table,2.0,0.714,0.286
quinces,juice,2.0,0.714,0.286
quinces,juice,2.0,0.714,0.286
quinces,juice,2.0,0.714,0.286
quinces,juice,2.0,0.714,0.286
quinces,juice,2.0,0.714,0.286
quinces,juice,2.0,0.714,0.286
spanish,finish,2.0,0.857,0.286
quinces,juice,2.0,0.714,0.286
spanish,finish,2.0,0.857,0.286
quinces,juice,2.0,0.714,0.286
lobster,letter,2.0,0.857,0.286
lobster,letter,2.0,0.857,0.286
lobster,letter,2.0,0.857,0.286
walnuts,wasn't,2.0,0.857,0.286
swanson,wasn't,2.0,0.857,0.286
stewing,things,2.0,0.857,0.286
stewing,things,2.0,0.857,0.286
stewing,things,2.0,0.857,0.286
sherbet,here>,2.0,0.714,0.286
peppers,paper,2.0,0.714,0.286
snapper,paper,2.0,0.714,0.286
peppers,paper,2.0,0.714,0.286
snapper,paper,2.0,0.714,0.286
peaches,places,2.0,0.857,0.286
chinese,change,2.0,0.857,0.286
oranges,change,2.0,0.857,0.286
peppers,supper,2.0,0.857,0.286
snapper,supper,2.0,0.857,0.286
peppers,supper,2.0,0.857,0.286
snapper,supper,2.0,0.857,0.286
quinces,juice,2.0,0.714,0.286
swanson,wanna,2.0,0.714,0.286
potherb,mother's,2.0,1.143,0.286
parsley,party,2.0,0.714,0.286
quinces,juice,2.0,0.714,0.286
walnuts,wasn't,2.0,0.857,0.286
swanson,wasn't,2.0,0.857,0.286
stewing,thing,2.0,0.714,0.286
peppers,supper,2.0,0.857,0.286
snapper,supper,2.0,0.857,0.286
peppers,supper,2.0,0.857,0.286
snapper,supper,2.0,0.857,0.286
stewing,thing,2.0,0.714,0.286
potherb,mother,2.0,0.857,0.286
tamales,table,2.0,0.714,0.286
stewing,thing,2.0,0.714,0.286
potherb,bothers,2.0,1.0,0.286
stewing,thing,2.0,0.714,0.286
tamales,table,2.0,0.714,0.286
quinces,juice,2.0,0.714,0.286
tamales,table,2.0,0.714,0.286
chocolate cake,chocolate <gives,4.0,1.143,0.286
chocolate milk,chocolate <gives,4.0,1.143,0.286
dark chocolate,*fat: chocolate,4.0,1.071,0.286
chocolate milk,chocolate cake,4.0,1.0,0.286
chocolate milk,chocolate cake,4.0,1.0,0.286
chocolate milk,chocolate cake,4.0,1.0,0.286
chocolate cake,chocolate [?],4.0,0.929,0.286
chocolate milk,chocolate [?],4.0,0.929,0.286
peppers,jeepers,2.0,1.0,0.286
peppers,supper,2.0,0.857,0.286
snapper,supper,2.0,0.857,0.286
lobster,letter,2.0,0.857,0.286
flowers,floor,2.0,0.714,0.286
raisins,raining,2.0,1.0,0.286
stewing,things,2.0,0.857,0.286
pickles,cackles,2.0,1.0,0.286
peppers,supper,2.0,0.857,0.286
snapper,supper,2.0,0.857,0.286
sherbet,here>,2.0,0.714,0.286
quinces,juice,2.0,0.714,0.286
quinces,juice,2.0,0.714,0.286
quinces,juice,2.0,0.714,0.286
quinces,juice,2.0,0.714,0.286
quinces,juice,2.0,0.714,0.286
quinces,juice,2.0,0.714,0.286
quinces,juice,2.0,0.714,0.286
quinces,juice,2.0,0.714,0.286
quinces,juice,2.0,0.714,0.286
peppers,supper,2.0,0.857,0.286
snapper,supper,2.0,0.857,0.286
stewing,thing,2.0,0.714,0.286
potherb,mother,2.0,0.857,0.286
shellie,shells>,2.0,1.0,0.286
quinces,business,2.0,1.143,0.286
maitake,mistake,2.0,1.0,0.286
spanish,punch,2.0,0.714,0.286
tamales,table,2.0,0.714,0.286
stewing,thing,2.0,0.714,0.286
stewing,thing,2.0,0.714,0.286
celtuce,lettuce,2.0,1.0,0.286
celtuce,lettuce,2.0,1.0,0.286
celtuce,lettuce,2.0,1.0,0.286
celtuce,lettuce,2.0,1.0,0.286
celtuce,lettuce,2.0,1.0,0.286
celtuce,lettuce,2.0,1.0,0.286
salad dressing,diet dressing,4.0,0.929,0.286
peppers,paper,2.0,0.714,0.286
snapper,paper,2.0,0.714,0.286
celtuce,lettuce,2.0,1.0,0.286
celtuce,lettuce,2.0,1.0,0.286
celtuce,lettuce,2.0,1.0,0.286
celtuce,lettuce,2.0,1.0,0.286
celtuce,lettuce,2.0,1.0,0.286
dessert,sweet,2.0,0.714,0.286
peppers,paper,2.0,0.714,0.286
snapper,paper,2.0,0.714,0.286
cockles,couple,2.0,0.857,0.286
sherbet,here>,2.0,0.714,0.286
stewing,thing,2.0,0.714,0.286
stewing,thing,2.0,0.714,0.286
stewing,things,2.0,0.857,0.286
stewing,thing,2.0,0.714,0.286
stewing,thing,2.0,0.714,0.286
stewing,thing,2.0,0.714,0.286
stewing,thing,2.0,0.714,0.286
stewing,things,2.0,0.857,0.286
stewing,thing,2.0,0.714,0.286
stewing,thing,2.0,0.714,0.286
tamales,table,2.0,0.714,0.286
babassu,baby>,2.0,0.714,0.286
peppers,paper,2.0,0.714,0.286
snapper,paper,2.0,0.714,0.286
swanson,want>,2.0,0.714,0.286
raisins,radio,2.0,0.714,0.286
raisins,radio,2.0,0.714,0.286
raisins,radio,2.0,0.714,0.286
flowers,shower,2.0,0.857,0.286
tamales,table,2.0,0.714,0.286
swanson,wanna,2.0,0.714,0.286
swanson,want>,2.0,0.714,0.286
whole potatoes,*mot: potatoes,4.0,1.0,0.286
white potatoes,*mot: potatoes,4.0,1.0,0.286
sweet potatoes,*mot: potatoes,4.0,1.0,0.286
flesh potatoes,(.) potatoes,4.0,0.857,0.286
sweet potatoes,(.) potatoes,4.0,0.857,0.286
peaches,teacher,2.0,1.0,0.286
parsley,parers,2.0,0.857,0.286
tamales,table,2.0,0.714,0.286
stewing,thing,2.0,0.714,0.286
tamales,table,2.0,0.714,0.286
pickles,spice,2.0,0.714,0.286
stewing,thing,2.0,0.714,0.286
flowers,floor,2.0,0.714,0.286
flowers,floor,2.0,0.714,0.286
cockles,couple,2.0,0.857,0.286
stewing,thing,2.0,0.714,0.286
stewing,things,2.0,0.857,0.286
thighs chicken,*chi: chicken,4.0,0.929,0.286
stewing,thing,2.0,0.714,0.286
stewing,thing,2.0,0.714,0.286
glazed chicken,fried chicken,4.0,0.929,0.286
canned chicken,fried chicken,4.0,0.929,0.286
thighs chicken,fried chicken,4.0,0.929,0.286
breast chicken,fried chicken,4.0,0.929,0.286
cooked chicken,fried chicken,4.0,0.929,0.286
ground chicken,fried chicken,4.0,0.929,0.286
stewing,thing,2.0,0.714,0.286
lobster,letters,2.0,1.0,0.286
stewing,thing,2.0,0.714,0.286
stewing,things,2.0,0.857,0.286
lobster,letters,2.0,1.0,0.286
lobster,letters,2.0,1.0,0.286
babassu,babies,2.0,0.857,0.286
babassu,babies,2.0,0.857,0.286
tamales,table,2.0,0.714,0.286
peppers,pampers,2.0,1.0,0.286
snapper,pampers,2.0,1.0,0.286
babassu,baby's,2.0,0.857,0.286
spanish,panties,2.0,1.0,0.286
candies,panties,2.0,1.0,0.286
spanish,panties,2.0,1.0,0.286
candies,panties,2.0,1.0,0.286
spanish,panties,2.0,1.0,0.286
spanish,panties,2.0,1.0,0.286
candies,panties,2.0,1.0,0.286
candies,panties,2.0,1.0,0.286
spanish,panties,2.0,1.0,0.286
candies,panties,2.0,1.0,0.286
spanish,panties,2.0,1.0,0.286
candies,panties,2.0,1.0,0.286
peppers,pamper,2.0,0.857,0.286
snapper,pamper,2.0,0.857,0.286
peppers,pamper,2.0,0.857,0.286
snapper,pamper,2.0,0.857,0.286
spanish,patch,2.0,0.714,0.286
peppers,pamper,2.0,0.857,0.286
snapper,pamper,2.0,0.857,0.286
flowers,floor,2.0,0.714,0.286
whole potatoes,good potatoes,4.0,0.929,0.286
flesh potatoes,good potatoes,4.0,0.929,0.286
sweet potatoes,good potatoes,4.0,0.929,0.286
baked potatoes,good potatoes,4.0,0.929,0.286
candies,ladies,2.0,0.857,0.286
stewing,things,2.0,0.857,0.286
swanson,season,2.0,0.857,0.286
stewing,thing,2.0,0.714,0.286
stewing,thing,2.0,0.714,0.286
cockles,couple,2.0,0.857,0.286
peaches,teachers,2.0,1.143,0.286
peaches,teachers,2.0,1.143,0.286
stewing,thing,2.0,0.714,0.286
tamales,table,2.0,0.714,0.286
tamales,table,2.0,0.714,0.286
tamales,table,2.0,0.714,0.286
stewing,thing,2.0,0.714,0.286
stewing,things,2.0,0.857,0.286
stewing,things,2.0,0.857,0.286
cockles,couple,2.0,0.857,0.286
cockles,couple,2.0,0.857,0.286
walnuts,wasn't,2.0,0.857,0.286
swanson,wasn't,2.0,0.857,0.286
stewing,thing,2.0,0.714,0.286
carissa,cabin,2.0,0.714,0.286
raisins,cabin,2.0,0.714,0.286
carissa,cabin,2.0,0.714,0.286
raisins,cabin,2.0,0.714,0.286
carissa,cabin,2.0,0.714,0.286
raisins,cabin,2.0,0.714,0.286
carissa,cabin,2.0,0.714,0.286
raisins,cabin,2.0,0.714,0.286
carissa,cabin,2.0,0.714,0.286
raisins,cabin,2.0,0.714,0.286
carissa,cabin,2.0,0.714,0.286
raisins,cabin,2.0,0.714,0.286
carissa,cabin,2.0,0.714,0.286
raisins,cabin,2.0,0.714,0.286
carissa,cabin,2.0,0.714,0.286
raisins,cabin,2.0,0.714,0.286
carissa,cabin,2.0,0.714,0.286
raisins,cabin,2.0,0.714,0.286
denny's,penny,2.0,0.714,0.286
flowers,floor,2.0,0.714,0.286
denny's,penny,2.0,0.714,0.286
denny's,penny,2.0,0.714,0.286
stewing,thing,2.0,0.714,0.286
tamales,table,2.0,0.714,0.286
tamales,table,2.0,0.714,0.286
tamales,table,2.0,0.714,0.286
peaches,teacher,2.0,1.0,0.286
peaches,teacher,2.0,1.0,0.286
peaches,teacher,2.0,1.0,0.286
lobster,letter,2.0,0.857,0.286
peaches,teacher,2.0,1.0,0.286
peaches,teacher,2.0,1.0,0.286
peaches,teachers,2.0,1.143,0.286
lobster,letter,2.0,0.857,0.286
peaches,teacher,2.0,1.0,0.286
stewing,thing,2.0,0.714,0.286
carrots,arrow,2.0,0.714,0.286
stewing,things,2.0,0.857,0.286
dessert,sweets,2.0,0.857,0.286
dessert,sweets,2.0,0.857,0.286
egg fast foods,it's cat food,4.0,0.929,0.286
potherb,mother,2.0,0.857,0.286
carcass,circus,2.0,0.857,0.286
carcass,circus,2.0,0.857,0.286
stewing,thing,2.0,0.714,0.286
stewing,things,2.0,0.857,0.286
stewing,thing,2.0,0.714,0.286
carcass,circus,2.0,0.857,0.286
white potatoes,*chi: potatoes,4.0,1.0,0.286
plain potatoes,*chi: potatoes,4.0,1.0,0.286
plain croutons,*bri: croutons,4.0,1.0,0.286
plain croutons,*fat: croutons,4.0,1.0,0.286
croaker,crackers,2.0,1.143,0.286
soup) crackers,fire crackers,4.0,0.929,0.286
snack crackers,fire crackers,4.0,0.929,0.286
peppers,paper,2.0,0.714,0.286
snapper,paper,2.0,0.714,0.286
stewing,thing,2.0,0.714,0.286
croaker,crackers,2.0,1.143,0.286
soup) crackers,fire crackers,4.0,0.929,0.286
snack crackers,fire crackers,4.0,0.929,0.286
peaches,place,2.0,0.714,0.286
dessert,beers>,2.0,0.857,0.286
dessert,beers,2.0,0.714,0.286
dessert,beers,2.0,0.714,0.286
peaches,place,2.0,0.714,0.286
cookies,cooking,2.0,1.0,0.286
cookies,cooking,2.0,1.0,0.286
peppers,supper,2.0,0.857,0.286
snapper,supper,2.0,0.857,0.286
salsify,alley,2.0,0.714,0.286
parsley,alley,2.0,0.714,0.286
denny's,bunny's,2.0,1.0,0.286
peppers,supper,2.0,0.857,0.286
snapper,supper,2.0,0.857,0.286
peppers,supper,2.0,0.857,0.286
snapper,supper,2.0,0.857,0.286
stewing,things,2.0,0.857,0.286
cone ice cream,*mot: ice cream,4.0,1.071,0.286
cone ice cream,*chi: ice cream,4.0,1.071,0.286
yellow cereals,yellow green,4.0,0.857,0.286
cone ice cream,(.) ice cream,4.0,0.929,0.286
cone ice cream,*mot: ice cream,4.0,1.071,0.286
potherb,others,2.0,0.857,0.286
quinces,juice,2.0,0.714,0.286
stewing,things,2.0,0.857,0.286
sherbet,here>,2.0,0.714,0.286
tamales,table,2.0,0.714,0.286
sheanut,heart,2.0,0.714,0.286
dessert,heart,2.0,0.714,0.286
sheanut,heart,2.0,0.714,0.286
dessert,heart,2.0,0.714,0.286
sheanut,heart,2.0,0.714,0.286
dessert,heart,2.0,0.714,0.286
tamales,table,2.0,0.714,0.286
tamales,tables,2.0,0.857,0.286
quinces,juice,2.0,0.714,0.286
quinces,juice,2.0,0.714,0.286
praline,praise,2.0,0.857,0.286
quinces,juice,2.0,0.714,0.286
peppers,supper,2.0,0.857,0.286
snapper,supper,2.0,0.857,0.286
sausage,sauce,2.0,0.714,0.286
quinces,juice,2.0,0.714,0.286
quinces,juice,2.0,0.714,0.286
quinces,juice,2.0,0.714,0.286
quinces,juice,2.0,0.714,0.286
sausage,sauce,2.0,0.714,0.286
cockles,couple,2.0,0.857,0.286
stewing,thing,2.0,0.714,0.286
raisins,raining,2.0,1.0,0.286
raisins,raining,2.0,1.0,0.286
raisins,raining,2.0,1.0,0.286
potherb,mother,2.0,0.857,0.286
ice cream cone,ice cream> [>],4.0,1.0,0.286
candies,candy>,2.0,0.857,0.286
wendy's,candy>,2.0,0.857,0.286
ice cream cone,ice cream (.),4.0,0.929,0.286
potherb,mother,2.0,0.857,0.286
potherb,mother,2.0,0.857,0.286
peppers,supper,2.0,0.857,0.286
snapper,supper,2.0,0.857,0.286
babassu,baby's,2.0,0.857,0.286
babassu,baby's,2.0,0.857,0.286
peaches,place,2.0,0.714,0.286
lobster,monster,2.0,1.0,0.286
peppers,supper,2.0,0.857,0.286
snapper,supper,2.0,0.857,0.286
snapper,pepper,2.0,0.857,0.286
peaches,teacher,2.0,1.0,0.286
noodles,goodness,2.0,1.143,0.286
peppers,paper,2.0,0.714,0.286
snapper,paper,2.0,0.714,0.286
stewing,thing,2.0,0.714,0.286
maitake,mistake,2.0,1.0,0.286
babassu,baby's,2.0,0.857,0.286
cockles,cookie,2.0,0.857,0.286
cockles,cookie,2.0,0.857,0.286
cockles,cookie,2.0,0.857,0.286
stewing,thing,2.0,0.714,0.286
spinach,pinata,2.0,0.857,0.286
spinach,pinata,2.0,0.857,0.286
peppers,papers,2.0,0.857,0.286
snapper,papers,2.0,0.857,0.286
walnuts,wasn't,2.0,0.857,0.286
swanson,wasn't,2.0,0.857,0.286
stewing,things,2.0,0.857,0.286
flowers,floor,2.0,0.714,0.286
parsley,par:ty,2.0,0.857,0.286
peaches,teacher,2.0,1.0,0.286
peaches,teacher,2.0,1.0,0.286
stewing,thing,2.0,0.714,0.286
stewing,thing,2.0,0.714,0.286
peppers,papers,2.0,0.857,0.286
snapper,papers,2.0,0.857,0.286
cookies,goodie,2.0,0.857,0.286
noodles,goodie,2.0,0.857,0.286
stewing,things,2.0,0.857,0.286
peaches,teacher,2.0,1.0,0.286
peaches,teacher,2.0,1.0,0.286
parsley,party,2.0,0.714,0.286
peanuts,pean(ut),2.0,1.143,0.286
peppers,paper,2.0,0.714,0.286
snapper,paper,2.0,0.714,0.286
peppers,paper,2.0,0.714,0.286
snapper,paper,2.0,0.714,0.286
peppers,paper,2.0,0.714,0.286
snapper,paper,2.0,0.714,0.286
lentils,dentist,2.0,1.0,0.286
baked desserts,want dessert,4.0,0.857,0.286
stewing,thing,2.0,0.714,0.286
croaker,crackers,2.0,1.143,0.286
croaker,crackers,2.0,1.143,0.286
croaker,crackers,2.0,1.143,0.286
peppers,supper,2.0,0.857,0.286
snapper,supper,2.0,0.857,0.286
croaker,crackers,2.0,1.143,0.286
carissa,car's,2.0,0.714,0.286
carcass,car's,2.0,0.714,0.286
peppers,supper,2.0,0.857,0.286
snapper,supper,2.0,0.857,0.286
peppers,supper,2.0,0.857,0.286
snapper,supper,2.0,0.857,0.286
peppers,supper,2.0,0.857,0.286
snapper,supper,2.0,0.857,0.286
swanson,bacon,2.0,0.714,0.286
papayas,papa's,2.0,0.857,0.286
chocolate cookies,chocolate <gives,5.0,0.941,0.294
chocolate soymilk,chocolate <gives,5.0,0.941,0.294
chocolate candies,chocolate <gives,5.0,0.941,0.294
chocolate cookies,chocolate cake,5.0,0.824,0.294
chocolate cereals,chocolate cake,5.0,0.824,0.294
chocolate cookies,chocolate cake,5.0,0.824,0.294
chocolate cereals,chocolate cake,5.0,0.824,0.294
chocolate cookies,chocolate cake,5.0,0.824,0.294
chocolate cereals,chocolate cake,5.0,0.824,0.294
saltines crackers,firecrackers,5.0,0.706,0.294
saltines crackers,firecrackers,5.0,0.706,0.294
saltines crackers,firecrackers,5.0,0.706,0.294
pan-fried chicken,fried chicken,5.0,0.765,0.294
shrimp fast foods,it's cat food,5.0,0.765,0.294
seasoned croutons,*mot: croutons,5.0,0.824,0.294
saltines crackers,firecrackers,5.0,0.706,0.294
saltines crackers,firecrackers,5.0,0.706,0.294
saltines crackers,fire crackers>,5.0,0.824,0.294
seasoned crackers,fire crackers,5.0,0.765,0.294
seasoned crackers,fire crackers,5.0,0.765,0.294
saltines crackers,fire crackers>,5.0,0.824,0.294
saltines crackers,firecrackers,5.0,0.706,0.294
saltines crackers,firecrackers,5.0,0.706,0.294
seasoned crackers,<saltine crackers,5.0,1.0,0.294
